customer_id,first_name,last_name,email,phone,city,signup_date
1,Jessica,Edwards,campbelltiffany@example.net,644-460-0554x034,Mumbai,2025-01-29
2,Sandra,Johnson,kristihall@example.org,730.569.2437,Chennai,2025-04-06
3,Hayden,Johnson,tammy32@example.net,628-719-2051x5942,Hyderabad,2026-03-05
4,Travis,Edwards,murphyandrew@example.net,6515830448,Bangalore,2025-11-28
5,Jared,Garcia,mosesjoyce@example.org,+1-259-922-3133x37274,Mumbai,2025-10-03
6,Vickie,Edwards,kellyjesse@example.org,+1-534-555-3634,Delhi,2024-09-05
7,David,Weaver,madams@example.org,468-727-9907,Bangalore,2025-02-25
8,Matthew,Villegas,phillipsjulie@example.net,(603)352-9680x2243,Bangalore,2025-12-01
9,Daniel,Thomas,daniellopez@example.net,8569302618,Bangalore,2025-02-17
10,Charles,Mccarthy,rossdonna@example.org,9974858534,Hyderabad,2025-02-25
11,Andrea,Clark,daylaura@example.com,+1-809-280-3521x0535,Delhi,2025-12-09
12,Gary,Stone,shayes@example.com,(583)975-4501x58625,Pune,2025-09-25
13,Aaron,Smith,oharris@example.org,464.947.8576x7935,Chennai,2025-07-25
14,Frederick,Underwood,joanne99@example.net,001-878-309-5424x98085,Bangalore,2025-10-27
15,Carl,Smith,jesse59@example.com,+1-689-955-3179x73129,Delhi,2026-07-12
16,Jeffrey,Bowers,murrayjames@example.com,(578)752-3016x53585,Hyderabad,2024-08-18
17,Elizabeth,Burns,brandonmyers@example.org,489.937.6789,Delhi,2025-05-05
18,Rickey,Austin,vegaamy@example.org,792.362.2045,Chennai,2025-04-08
19,Scott,Vargas,dsmith@example.net,742.593.7341,Chennai,2025-11-23
20,Maria,Davenport,kevin48@example.net,614-426-1475,Mumbai,2025-05-09
21,Mark,Copeland,hoffmandaniel@example.org,001-382-523-8561,Delhi,2026-01-11
22,Daniel,Rodriguez,osbornhannah@example.com,913.803.5422x227,Mumbai,2026-04-18
23,Stephen,Grant,ebraun@example.org,(371)324-8573x87817,Chennai,2026-07-12
24,Donna,Prince,wmooney@example.com,(912)302-6286,Chennai,2025-04-06
25,Michael,Howard,carmenthomas@example.net,(791)965-0665,Pune,2026-06-12
26,Tiffany,Johnson,dunnerika@example.com,252-665-1628x5921,Mumbai,2025-05-14
27,Kristen,Allen,michaelrichard@example.com,607.987.7020x4530,Mumbai,2025-03-25
28,Joanna,Scott,smithdiana@example.com,835-351-6496,Delhi,2024-11-06
29,Tammie,Lee,cody97@example.net,878.867.7040x519,Delhi,2025-12-27
30,Andrew,Jones,ray38@example.org,001-562-897-2909x415,Delhi,2024-09-22
31,Patrick,Dalton,whitakerjacob@example.net,512-998-6174x08070,Hyderabad,2025-09-25
32,Tonya,Thomas,rdecker@example.org,(547)763-7308,Delhi,2025-04-08
33,Rhonda,Wright,murraynicholas@example.net,5067202414,Pune,2026-01-11
34,Sierra,Copeland,phernandez@example.org,001-229-983-1284,Bangalore,2025-10-19
35,Destiny,Barajas,cnash@example.net,001-761-506-7773x813,Pune,2026-04-13
36,Paula,Hall,ebailey@example.com,688-500-5237x7391,Bangalore,2025-10-22
37,Robert,Perry,marc26@example.com,431-980-5708x98113,Bangalore,2026-04-03
38,Robert,Wright,davismatthew@example.com,752-580-8129,Bangalore,2026-04-23
39,Stephanie,King,donnagutierrez@example.com,(306)584-7593x1434,Delhi,2026-05-17
40,Kevin,Miller,lisa10@example.com,(304)978-2062x64011,Chennai,2025-05-19
41,Nicholas,Fox,jmccullough@example.net,718.300.5120x514,Chennai,2024-12-18
42,Kayla,Harris,arodriguez@example.net,873-223-0693,Bangalore,2025-02-17
43,Daniel,Frey,eric97@example.org,001-242-985-8835x3291,Hyderabad,2025-03-24
44,Andre,Morris,xavierlewis@example.com,862-543-7215x74705,Chennai,2024-08-12
45,Ronald,Hall,rebecca52@example.com,001-267-502-3071x089,Delhi,2026-06-04
46,Steven,Cardenas,jackie19@example.net,9119514253,Hyderabad,2025-10-14
47,Michael,Owen,michael68@example.org,927.224.7196x264,Delhi,2025-05-09
48,Megan,Chapman,smithgreg@example.com,(987)394-6798x5129,Pune,2025-11-15
49,Anna,Ramos,madison78@example.net,(657)771-3472x03369,Mumbai,2024-08-11
50,Jill,Rivers,bellnatasha@example.org,(354)946-2046x147,Mumbai,2025-11-30
51,Lisa,Ramirez,gonzalesrichard@example.com,(237)416-4968,Hyderabad,2025-01-17
52,Michael,Guerrero,johnmorton@example.com,+1-333-751-5745x0170,Chennai,2026-07-08
53,Isaac,Mendoza,manningmegan@example.com,001-619-201-9098x2325,Bangalore,2024-08-27
54,Caroline,Henderson,denise84@example.com,(554)380-9810x6507,Chennai,2026-01-05
55,Rebecca,Anderson,treynolds@example.com,(800)820-8416x80322,Mumbai,2025-04-10
56,Eric,Foley,gordonmitchell@example.org,001-670-310-1206,Pune,2025-10-25
57,Timothy,Smith,jonathanmeyer@example.org,001-650-967-7457x012,Mumbai,2025-04-24
58,Samantha,Smith,jamie91@example.com,001-694-237-6833x52509,Bangalore,2025-03-25
59,Elijah,Livingston,joseph55@example.org,+1-202-899-0483,Delhi,2026-07-21
60,Terri,Sanchez,courtneyhamilton@example.net,236.383.6016x2748,Bangalore,2024-10-21
61,Amanda,Sweeney,padillacameron@example.com,514.443.7198,Chennai,2026-01-26
62,Frank,Robles,chad38@example.net,(583)997-0436,Bangalore,2024-08-04
63,Katherine,Mitchell,calebjohnson@example.com,810.690.7191,Hyderabad,2025-08-26
64,Bryan,Orozco,medinaapril@example.net,001-326-747-4569,Chennai,2024-07-29
65,Kathy,Dickerson,ihale@example.org,422.433.8866x001,Mumbai,2026-01-27
66,Rachel,Graves,seansmith@example.org,2724229156,Delhi,2024-11-25
67,Barbara,Brown,mcdowellbobby@example.org,001-696-470-0474x31012,Chennai,2025-09-28
68,Leonard,Schwartz,hodgesnancy@example.net,(487)370-0805x3598,Mumbai,2026-03-14
69,Emily,Lopez,ngray@example.net,362-690-0642,Delhi,2024-12-23
70,Barbara,Crawford,jose90@example.org,586.758.6134,Mumbai,2025-07-23
71,Michael,Larson,joneskayla@example.org,897.874.7740x051,Bangalore,2024-11-23
72,Carlos,Rangel,brian75@example.com,(757)252-4735x65136,Chennai,2026-03-16
73,Veronica,Ellison,daniel41@example.com,231.631.3494x5512,Hyderabad,2025-02-10
74,Karl,Rasmussen,cavery@example.net,936-769-8832x7969,Bangalore,2026-06-09
75,Rhonda,Allen,walkermisty@example.net,249.824.8698x5688,Mumbai,2025-09-14
76,Justin,Rodriguez,parsonsdavid@example.net,+1-433-575-5061x10684,Pune,2025-05-30
77,Alexander,Fletcher,mariazamora@example.com,426-721-7282x98767,Hyderabad,2025-11-19
78,Edward,Wallace,qstephens@example.net,+1-577-613-0366x1009,Hyderabad,2026-07-21
79,Cindy,Montgomery,diazbrian@example.org,242.384.9139x6593,Mumbai,2025-09-14
80,Joshua,Johnson,rbautista@example.com,2718932183,Hyderabad,2024-11-12
81,Sarah,Robinson,denise62@example.com,381-875-9370x6168,Bangalore,2025-06-01
82,Michael,Washington,debradoyle@example.com,369.600.2599,Mumbai,2024-08-10
83,Dustin,Patel,jesus75@example.com,001-474-260-5192x396,Hyderabad,2025-05-29
84,Oscar,Smith,rachelhernandez@example.com,354.475.8248,Mumbai,2024-09-28
85,Charles,Robertson,noah36@example.com,818-568-3243,Delhi,2025-10-29
86,Shane,Norris,lynn03@example.net,(227)400-2571,Pune,2024-10-21
87,Lisa,Gomez,charlesmiller@example.org,001-775-920-9809x80483,Hyderabad,2024-11-10
88,Lindsey,Flores,wherring@example.org,3657839829,Hyderabad,2025-07-14
89,Maureen,Schmidt,omcclure@example.org,(699)708-9686,Chennai,2025-05-03
90,Douglas,Lambert,ssullivan@example.org,(270)646-7772x57215,Mumbai,2025-08-31
91,Kristen,Hanson,nlove@example.net,001-575-839-9479x347,Mumbai,2026-03-03
92,Catherine,Torres,duffydylan@example.org,+1-216-923-1372,Mumbai,2025-03-29
93,Jared,Washington,wlucero@example.com,(928)907-4970x620,Mumbai,2025-04-11
94,Curtis,Villegas,ramosbrandy@example.com,592-506-1915x8244,Delhi,2026-05-07
95,Brittany,Summers,joyce91@example.net,(366)799-3831x94241,Hyderabad,2025-06-28
96,Thomas,Larson,zoekhan@example.net,585-305-1664x5471,Pune,2024-11-23
97,Erin,Quinn,staceythomas@example.net,001-292-658-5192x73141,Chennai,2025-04-18
98,Derek,Leblanc,gardneromar@example.org,9843505585,Mumbai,2026-02-24
99,Caitlin,Washington,yolandamartinez@example.net,922.505.0840x6831,Bangalore,2025-06-22
100,Heather,Graham,jharvey@example.net,+1-937-250-9285x89500,Hyderabad,2024-10-25
101,Becky,Mitchell,james81@example.org,001-959-325-9376x04975,Chennai,2025-01-01
102,Cody,Porter,kimberly97@example.net,560.463.2838x587,Hyderabad,2026-01-29
103,Harry,Gomez,lopezdavid@example.com,(478)428-6384x291,Mumbai,2025-10-20
104,Anthony,Morales,rossjason@example.com,408.547.4407,Chennai,2024-10-09
105,Ian,Walker,riveraerika@example.org,+1-642-531-4783x4270,Delhi,2024-10-03
106,Alejandro,Green,josephgallagher@example.com,387.633.7391,Hyderabad,2024-10-29
107,Robert,Moore,vcase@example.org,(548)469-2152x9225,Mumbai,2026-07-05
108,Jordan,Olson,stephen58@example.com,+1-545-229-9128,Delhi,2025-08-12
109,Katie,Espinoza,leezachary@example.org,(451)799-9447,Delhi,2026-04-17
110,Alexis,Smith,christopheryoung@example.org,649.997.8632x32571,Delhi,2025-09-07
111,Jeremy,Hunt,amyfitzgerald@example.org,849.789.7190x460,Bangalore,2024-07-25
112,John,Ware,styler@example.net,969.287.2661x44931,Bangalore,2025-06-23
113,Donald,Valencia,claudiayoung@example.org,(796)329-4383x66745,Mumbai,2025-03-10
114,Jason,Carpenter,paulmitchell@example.net,(910)204-3982,Mumbai,2025-01-24
115,Joseph,Russell,aprilwang@example.org,4896659466,Bangalore,2024-09-29
116,Eric,Welch,coxbrittany@example.net,(829)883-3159x2773,Delhi,2024-10-31
117,Samuel,Zhang,ronald63@example.net,796.588.0689x04718,Mumbai,2025-09-02
118,Anthony,Stewart,christianapril@example.org,(839)937-6025x54810,Pune,2026-03-08
119,Amber,Salazar,itate@example.org,(617)529-5314x39219,Mumbai,2026-03-01
120,Angel,Nguyen,flemingglenn@example.com,(711)498-3644x80615,Chennai,2025-04-03
121,William,Mckenzie,joshua17@example.net,913-550-0127,Chennai,2025-09-06
122,Zachary,Baker,iholmes@example.org,524.240.4834x04075,Pune,2026-05-25
123,Heather,Brown,estewart@example.net,(815)310-8720,Mumbai,2026-01-12
124,Juan,Martin,hlewis@example.com,+1-458-206-6250x77717,Pune,2024-11-08
125,Greg,Holt,allenkrista@example.net,001-204-429-3761x9277,Hyderabad,2024-09-19
126,Fernando,Gray,adrienne70@example.net,765-528-5044,Delhi,2024-10-10
127,James,Pearson,gmolina@example.org,936.527.5466,Mumbai,2024-12-10
128,Alan,Cobb,tanyaadams@example.net,435-791-8692x994,Chennai,2024-12-11
129,Cole,Ramos,doconnor@example.com,909.205.7601x12907,Chennai,2025-02-07
130,Carrie,Villanueva,aliciadavis@example.org,7293801171,Pune,2026-05-07
131,Jose,Woods,melissa72@example.org,(643)248-4061,Chennai,2025-08-30
132,Christopher,Vargas,ydiaz@example.com,(402)507-1554x774,Chennai,2025-09-15
133,Tommy,Lee,sbaker@example.org,(718)429-5799,Pune,2025-11-23
134,Megan,Welch,thompsonkimberly@example.net,(388)653-8612,Delhi,2025-06-17
135,Michael,Fernandez,bryan65@example.org,245-991-7980x4343,Mumbai,2025-03-17
136,James,Bauer,stephenyang@example.org,(869)362-2571x448,Delhi,2026-04-15
137,Jessica,Richard,apruitt@example.org,283.532.5869x020,Hyderabad,2025-12-05
138,Jeffrey,Garcia,ianderson@example.org,841-775-4399x2325,Mumbai,2026-02-25
139,Monica,Ortiz,richgary@example.org,3347209167,Hyderabad,2025-03-06
140,Edward,Owens,vcastillo@example.com,508.529.8232x791,Mumbai,2026-07-08
141,Kathleen,Cross,pvelasquez@example.com,930-952-2698,Delhi,2025-11-30
142,Toni,Davis,jonessteven@example.net,001-945-585-7415x36677,Pune,2026-04-13
143,Christopher,Garner,smerritt@example.org,348-278-7291,Mumbai,2026-01-24
144,Sarah,Caldwell,zmueller@example.org,687.762.1127x5046,Chennai,2025-08-21
145,Richard,Friedman,joshua96@example.com,+1-350-622-6532x4252,Pune,2025-06-26
146,Gabriel,George,taylorjasmine@example.org,288-308-6635x83833,Delhi,2024-11-11
147,Jonathan,Kirk,kathrynlutz@example.org,001-536-809-0007x580,Chennai,2026-03-25
148,Todd,Vasquez,cardenasnicole@example.org,403.762.9727,Bangalore,2024-09-14
149,Kevin,Buckley,james92@example.org,+1-715-259-9791,Bangalore,2024-12-27
150,Danielle,Cooper,seth81@example.org,903-909-5901x8657,Hyderabad,2024-10-11
151,Jordan,Schneider,tstewart@example.com,316.422.5716x9293,Delhi,2026-05-23
152,Brandi,Williams,christina34@example.net,3318233077,Hyderabad,2025-10-05
153,Blake,Carlson,kevin39@example.org,8526612543,Hyderabad,2025-04-30
154,Krista,Mullins,hendersonzachary@example.com,4023582758,Bangalore,2025-05-03
155,David,Hayes,spearsgregory@example.net,(620)886-9539,Mumbai,2026-01-21
156,Gabriella,Rios,wilkinskevin@example.org,001-992-754-1411,Chennai,2026-07-14
157,Bethany,Thomas,eileen21@example.com,(527)367-0084,Delhi,2025-08-30
158,Nicole,Wilson,clinejessica@example.org,+1-874-930-7396x084,Mumbai,2025-06-30
159,Sarah,Howell,lindseylee@example.net,(546)214-5008,Mumbai,2025-07-27
160,Jesse,Robinson,markfarmer@example.net,001-254-317-8349,Pune,2026-05-08
161,Cindy,Camacho,nicholas82@example.com,8524594931,Pune,2025-11-24
162,Jasmine,Burns,shelby21@example.net,653.491.3384,Hyderabad,2026-06-28
163,Cheryl,Schwartz,lindasmith@example.net,(266)725-3330x6787,Hyderabad,2026-04-09
164,Paul,Bailey,jeremy77@example.com,(440)555-5166x9870,Bangalore,2026-04-21
165,Erik,Henry,qsmith@example.org,+1-547-748-5037x80633,Pune,2025-05-08
166,Alice,Thomas,brauntroy@example.com,+1-273-627-7377x7014,Delhi,2025-02-18
167,Matthew,Kelly,pwong@example.com,+1-922-748-1813,Pune,2025-08-18
168,Kim,Hicks,randall07@example.net,001-480-331-3137x649,Bangalore,2025-08-16
169,Brandon,Boyer,krauselaura@example.com,641.776.1451x98567,Chennai,2025-03-30
170,Jeffrey,Kelley,monicaroberts@example.com,(461)276-6858,Delhi,2025-04-25
171,Cathy,Evans,daviddickerson@example.org,001-229-772-7669x20420,Mumbai,2024-12-16
172,Ryan,Leblanc,williamskathleen@example.net,766-768-1188x0052,Hyderabad,2026-06-22
173,Blake,Cortez,cohengregory@example.com,943.440.0594,Pune,2026-05-21
174,Emily,Jones,lindacook@example.org,(602)756-7158,Mumbai,2026-01-20
175,Amber,Thomas,cmoore@example.org,538-728-3875x7233,Chennai,2024-07-31
176,Ashley,Willis,uyates@example.net,8858524328,Chennai,2025-07-13
177,Brianna,Morris,elizabeth12@example.net,001-704-538-8490x940,Mumbai,2025-04-12
178,Ashley,Mcintosh,tbooker@example.net,(556)944-3957,Delhi,2025-03-28
179,Frank,Perry,anthony53@example.org,289.657.0878x816,Chennai,2025-09-23
180,Scott,Anderson,wsmith@example.com,8204081668,Mumbai,2026-04-15
181,Melissa,Hansen,cohenrebecca@example.net,+1-228-335-7991x406,Mumbai,2025-03-05
182,Nicole,Hartman,kevinbell@example.org,(764)693-8509x14224,Bangalore,2024-11-06
183,Sherry,Blackburn,dan02@example.org,001-517-389-8499x90926,Delhi,2026-05-21
184,Mindy,Smith,bryanthomas@example.net,6886021421,Hyderabad,2026-06-25
185,Lauren,Turner,hmartinez@example.net,236.279.6987,Pune,2025-03-15
186,Alan,Huynh,sarah95@example.com,(811)537-4051x1370,Mumbai,2026-03-25
187,William,Houston,cdavidson@example.com,(977)784-8502x80585,Chennai,2024-09-10
188,Aaron,Vazquez,michael18@example.com,580.611.1371x2676,Pune,2024-12-08
189,Robert,Bailey,johnwhite@example.org,+1-428-701-7607x1791,Hyderabad,2024-09-16
190,Willie,James,claytonjohnson@example.org,410-289-9420x8795,Chennai,2026-04-04
191,Tommy,Acosta,cadams@example.org,621-653-9645x4349,Bangalore,2025-12-11
192,David,Ho,delgadoterry@example.com,(582)234-1527,Mumbai,2025-07-16
193,Kelly,Cook,blakesandra@example.com,207-257-6193,Pune,2024-10-20
194,Steven,Robinson,buckleyjulia@example.net,001-285-866-7795x2744,Chennai,2025-02-28
195,David,Bennett,nathan71@example.org,001-705-962-6750x3485,Pune,2026-03-06
196,Ariel,Miller,emilybowen@example.net,+1-664-519-4698x17336,Delhi,2026-07-09
197,Katrina,Moore,andersonangela@example.com,001-556-984-8018x21552,Delhi,2025-12-08
198,Alyssa,Thompson,spencerchristina@example.net,842-719-0389x20110,Pune,2025-06-24
199,Andrea,Smith,larrycruz@example.com,(338)984-0021,Bangalore,2024-09-20
200,Michael,Anderson,bwallace@example.org,788-367-3141x944,Hyderabad,2025-09-10
201,John,Gonzalez,ryanbright@example.net,(944)536-1524,Hyderabad,2024-09-15
202,Andre,Bell,nancypittman@example.org,+1-921-801-4353x86843,Hyderabad,2025-03-10
203,Steven,Patterson,sanchezkevin@example.net,675.870.6898x153,Mumbai,2025-07-15
204,Jeremy,Russell,gbrown@example.com,+1-689-983-9803x0527,Pune,2025-02-14
205,Angela,Miller,bjames@example.com,723-393-5051x946,Pune,2025-03-22
206,Donald,Bradley,robinmorgan@example.org,720-892-7738x162,Delhi,2026-03-30
207,Jessica,Jones,victoria43@example.com,320.446.0561,Pune,2025-05-18
208,Lauren,Jones,loribrewer@example.net,(612)582-7017,Hyderabad,2026-01-01
209,Roy,Perkins,barbersharon@example.com,638-724-1598,Mumbai,2024-12-11
210,Louis,Pace,smithteresa@example.org,208.706.8344,Bangalore,2026-01-10
211,Daniel,Davis,greenchristopher@example.org,(353)639-2694x89909,Chennai,2024-10-04
212,Tyler,Wright,meaganreyes@example.net,+1-466-241-5835x480,Delhi,2025-03-16
213,Michael,Elliott,john58@example.org,(954)914-1140,Mumbai,2026-04-08
214,Brendan,Andersen,stefanie61@example.com,426-524-7312x9246,Hyderabad,2026-07-21
215,Kristen,Hayes,aharvey@example.org,(819)773-1025,Pune,2025-03-14
216,Rachel,Wallace,briangray@example.com,(532)347-1152x99121,Delhi,2025-03-15
217,April,Ferguson,beardstephen@example.org,8096952510,Pune,2025-11-02
218,Joan,Rojas,mejiajohn@example.com,(802)550-8577,Chennai,2026-02-03
219,Joseph,Henderson,andrewvelasquez@example.com,+1-796-610-5672x80450,Chennai,2025-08-11
220,Ann,Walker,melissa29@example.net,(526)578-7114x485,Mumbai,2024-12-20
221,Judith,Terry,jamesthompson@example.com,(543)963-9032,Delhi,2025-12-31
222,William,Black,henry48@example.org,3816821430,Bangalore,2026-06-22
223,Adam,Hickman,john51@example.org,728-604-5042x7449,Mumbai,2025-07-04
224,Anthony,House,pglass@example.org,561-657-4234,Bangalore,2025-04-17
225,Brittany,Smith,murrayrebecca@example.com,485.416.7691,Bangalore,2025-08-15
226,Justin,Potter,ronaldwhite@example.com,(921)900-8498x10185,Bangalore,2025-08-08
227,Kristen,Short,gamblewilliam@example.net,(523)605-1239x51908,Bangalore,2026-06-12
228,Richard,Soto,steven97@example.org,(424)221-0337x08235,Bangalore,2025-03-09
229,Stephanie,Hill,stevenfranklin@example.org,790.814.8824,Mumbai,2025-02-28
230,Alex,Nguyen,crystal55@example.org,860.367.0750x59263,Mumbai,2024-09-05
231,Fernando,Barton,lauren85@example.org,+1-469-218-9108x538,Pune,2025-11-18
232,Sherry,Fernandez,tyork@example.com,254-832-4239x50921,Chennai,2024-10-26
233,Michael,Jones,mruiz@example.com,(626)436-8921,Bangalore,2025-01-21
234,Tammy,Coleman,benderchristopher@example.org,+1-386-891-8920x33167,Pune,2025-02-27
235,Ruth,Garcia,paul25@example.com,726.537.9664x926,Bangalore,2026-04-06
236,Susan,Gill,cooleyjessica@example.com,991.663.1950x8294,Hyderabad,2026-01-15
237,Kelly,Williams,margaretflores@example.net,+1-739-476-5565x553,Chennai,2025-12-07
238,Meghan,Holland,imoses@example.net,001-614-432-3618x346,Pune,2025-03-13
239,Patricia,Gibson,amandafuentes@example.net,+1-355-834-0534x112,Delhi,2025-01-17
240,Amber,Thomas,nicholehoffman@example.org,(638)695-7540x59574,Delhi,2025-04-10
241,Cassandra,Jordan,davisclaudia@example.org,583-348-9223,Delhi,2025-12-13
242,Jake,Moore,theresa42@example.com,(764)970-0874,Chennai,2025-04-17
243,Elizabeth,Reyes,imccoy@example.org,001-530-653-2671x30510,Delhi,2025-04-08
244,Keith,Anderson,xbrown@example.net,433.429.0422,Pune,2025-08-09
245,Michael,Murphy,james99@example.org,001-887-267-9112x490,Bangalore,2026-04-06
246,Melissa,Wilson,chadrodgers@example.org,585-849-5525x1123,Mumbai,2026-03-24
247,Brandon,Flores,opetersen@example.org,(617)431-1998,Bangalore,2024-07-25
248,Christine,Carr,sreed@example.net,+1-526-353-9511x7214,Pune,2025-07-28
249,Felicia,Johnson,ellen23@example.com,547-246-0254x141,Mumbai,2025-12-10
250,Julie,Young,marypowell@example.org,411.846.1867,Mumbai,2025-11-03
251,Brittany,Adams,taylorbowman@example.net,3465546654,Delhi,2026-05-19
252,Samuel,Taylor,ubrooks@example.net,(364)696-0910x564,Chennai,2025-04-02
253,Kim,Brown,chad70@example.net,543-832-3315x771,Pune,2026-05-03
254,Jill,Tate,wthompson@example.org,7468576995,Mumbai,2025-02-23
255,Nancy,Clayton,evan51@example.com,(876)893-0024x55519,Bangalore,2025-07-31
256,Daniel,Curtis,justin52@example.org,636.502.7689x7078,Mumbai,2025-08-20
257,David,Li,jmorton@example.com,358.618.0301x743,Delhi,2026-05-28
258,Peter,Flores,sara28@example.com,001-788-728-7482x74420,Pune,2026-03-25
259,Stephanie,Cardenas,danielbass@example.net,690.305.1346x6399,Delhi,2025-07-09
260,Jason,Estrada,brittanywilliams@example.com,7935642697,Delhi,2025-07-13
261,Ashley,Turner,bennettluis@example.org,272-962-6785x01701,Delhi,2025-12-21
262,Michael,Zimmerman,stephen33@example.net,8917661006,Hyderabad,2025-03-28
263,Brandon,Boyer,dmurphy@example.org,+1-803-319-7399,Delhi,2026-07-10
264,Matthew,Mack,jmitchell@example.net,(328)923-9588x6017,Delhi,2025-03-04
265,Jonathan,Long,coxthomas@example.org,001-474-647-1868x662,Pune,2025-01-03
266,Emily,Clark,ronald93@example.org,(748)239-2230,Delhi,2025-04-24
267,Brittany,Joseph,joshuaperry@example.com,+1-857-299-0980,Hyderabad,2026-04-29
268,Jesse,Ray,jjones@example.com,5815914731,Chennai,2026-04-14
269,Jason,Russell,howelljose@example.net,001-220-547-3599x844,Chennai,2025-07-28
270,Dylan,Gross,jason45@example.com,+1-759-690-0438x74194,Delhi,2025-06-15
271,Veronica,Williamson,gmccullough@example.org,718-445-0555x0802,Hyderabad,2026-05-12
272,Timothy,Gross,estradajustin@example.com,544.313.4496x158,Bangalore,2024-09-24
273,Nicholas,Mathis,mauriceyang@example.com,430-273-7513x409,Bangalore,2025-05-18
274,Tracy,Hartman,kevin86@example.net,(905)782-6656x4315,Hyderabad,2026-03-16
275,Michael,Whitehead,kleinamber@example.com,001-955-539-2518,Chennai,2025-05-15
276,Steven,Walters,glopez@example.net,+1-349-652-7982x22121,Delhi,2024-11-01
277,Matthew,Daniel,nicolecarter@example.org,+1-534-514-5425,Pune,2025-12-08
278,Christopher,Stone,phillipsspencer@example.net,+1-785-523-0650x6810,Mumbai,2024-12-29
279,Karen,Harris,clarkalyssa@example.org,001-702-933-4354x563,Hyderabad,2024-09-06
280,Lawrence,Hansen,jenniferjones@example.org,244-861-4166,Bangalore,2025-04-14
281,Nathaniel,Campbell,bbowers@example.com,819-461-2573x35792,Chennai,2025-06-14
282,Anthony,Vega,madison41@example.org,4885985218,Hyderabad,2025-10-29
283,Stacey,Ortiz,robertjensen@example.com,+1-577-242-6069,Hyderabad,2024-12-30
284,Randy,Gilbert,qwaters@example.org,783.343.2107,Delhi,2024-10-15
285,Jonathan,Long,gloria83@example.com,219-255-0165,Chennai,2025-07-18
286,Colleen,Rhodes,richardhernandez@example.org,8036833601,Chennai,2025-11-05
287,Joe,Sanchez,misty42@example.org,880.435.6243x2110,Pune,2025-01-23
288,John,Lara,qdurham@example.org,001-368-701-2420x586,Hyderabad,2024-08-02
289,Elizabeth,Day,clong@example.org,001-820-323-4107x3719,Chennai,2025-11-03
290,Stephanie,Castillo,mitchelldebra@example.net,479-200-1289x21856,Pune,2025-02-15
291,Linda,Hendricks,donovancheryl@example.com,782-736-9577x746,Mumbai,2026-03-13
292,William,Adams,gabrielwilliams@example.net,001-852-639-7551x53415,Chennai,2025-10-10
293,Paul,Smith,molly48@example.net,+1-298-269-4402,Mumbai,2025-11-11
294,James,Kelley,murillomelissa@example.net,837.369.1003x175,Pune,2025-02-22
295,Wayne,Santana,craigriley@example.com,+1-253-317-0576,Mumbai,2024-08-23
296,David,Espinoza,allenjeffrey@example.net,001-453-311-2701x00705,Delhi,2025-07-22
297,Jon,Woods,rachelmiddleton@example.net,(624)444-8812x0768,Mumbai,2025-04-20
298,Kelly,Ramirez,garzavincent@example.org,508-459-2206x946,Bangalore,2025-11-26
299,Kristie,Khan,owilliams@example.com,(651)932-5790,Chennai,2026-05-26
300,Heather,Cox,robert84@example.net,973.382.2255x8989,Chennai,2025-03-23
301,Ashley,Lowery,millerlaura@example.org,707.993.6837x442,Bangalore,2025-04-13
302,Lindsey,Mitchell,heatherfuentes@example.org,708-417-6773x696,Chennai,2026-05-16
303,Samantha,Stone,farrellmelissa@example.com,(398)533-8872,Bangalore,2026-07-17
304,Michelle,Kane,cherylsoto@example.net,878-763-5251,Chennai,2025-01-18
305,Matthew,Evans,oscarjones@example.com,900-333-7461,Mumbai,2025-12-17
306,Joseph,Montoya,stephanievega@example.org,001-428-752-2160x3596,Hyderabad,2024-12-18
307,James,Carter,jennifergoodman@example.org,9837402337,Hyderabad,2026-01-21
308,Keith,Gonzalez,allenjames@example.net,001-376-532-2347x69926,Mumbai,2026-06-28
309,Karen,Huff,huffcarlos@example.net,+1-476-521-6460x244,Bangalore,2026-04-08
310,Walter,Mason,osanders@example.com,001-766-732-3825x4530,Hyderabad,2025-07-07
311,Janice,Robinson,josephbauer@example.org,884-664-3928x045,Chennai,2026-02-13
312,Samantha,Barber,shelley21@example.net,450-607-9075x571,Chennai,2025-12-06
313,Pamela,Ballard,hernandezlisa@example.net,508-636-3903,Hyderabad,2026-01-23
314,Anthony,Leach,todd49@example.org,001-264-402-2635x9982,Chennai,2025-03-27
315,Susan,Ramirez,joneslee@example.net,(951)275-2583x76874,Mumbai,2025-06-26
316,Belinda,Holmes,angelataylor@example.net,605-868-2248,Mumbai,2025-02-10
317,Dennis,Bell,davidmorton@example.org,(808)621-5167x20549,Bangalore,2025-02-27
318,Ronnie,Barajas,warnold@example.com,(319)494-6500,Delhi,2025-04-17
319,Scott,Villa,wilsonjoseph@example.org,677.570.3845x98577,Mumbai,2025-12-17
320,Jeremy,Mcdaniel,benjamin33@example.org,871.212.5680,Pune,2024-09-03
321,Emily,Chambers,ashley61@example.org,+1-557-311-0012x9050,Bangalore,2025-08-01
322,Rachel,Smith,alison15@example.com,626.669.5424,Pune,2024-12-04
323,Bethany,Lee,gwilkinson@example.org,(386)339-1510,Delhi,2025-01-04
324,Kim,Vargas,martinezmitchell@example.com,865-697-4867x4812,Delhi,2026-06-18
325,Christopher,Ward,andersontracy@example.net,999-797-5247,Mumbai,2024-08-16
326,Kimberly,Rivera,riversmichael@example.net,4448007879,Mumbai,2025-11-12
327,Dalton,Martin,mhernandez@example.com,(832)942-6054x87989,Hyderabad,2025-09-22
328,Sarah,Terry,craigatkins@example.net,+1-283-949-9323x03640,Hyderabad,2026-03-28
329,Adam,Wood,emata@example.net,(585)459-4324x7455,Pune,2025-05-26
330,Marissa,Brewer,cynthiagilbert@example.net,+1-776-337-4640,Pune,2026-01-05
331,Jesse,Martin,mary24@example.org,224-648-9505x07065,Pune,2025-02-23
332,Lisa,Brown,ashley70@example.net,884-858-6921x05437,Hyderabad,2025-08-20
333,Marie,Allen,ajones@example.com,589-862-1192,Chennai,2025-02-11
334,Allison,Kline,wmedina@example.net,452.319.2739,Mumbai,2025-06-18
335,Abigail,Smith,woodrichard@example.net,220.513.0458x650,Mumbai,2026-05-30
336,Robert,Berry,donnabrown@example.org,(645)474-3148,Hyderabad,2025-02-10
337,Patrick,Moore,travis25@example.com,001-347-799-4861x60719,Mumbai,2024-09-07
338,Joseph,Adams,qlarsen@example.com,(890)458-2435x32641,Delhi,2025-01-03
339,Sarah,Rose,clarkjames@example.net,(736)384-5782x6692,Chennai,2026-02-14
340,Ryan,Diaz,hknox@example.com,667-593-9015,Chennai,2026-03-08
341,Brenda,Rodriguez,brookecompton@example.org,301-689-3884x12777,Chennai,2024-07-31
342,David,Hamilton,dperez@example.org,(380)201-8710x794,Bangalore,2025-06-11
343,Jeffrey,Mcclain,alison77@example.com,324-885-8045,Bangalore,2025-06-27
344,Sean,Lee,xnelson@example.net,281.249.8071,Mumbai,2024-09-19
345,Preston,Espinoza,shawdebra@example.com,(531)472-4570x62763,Mumbai,2024-12-09
346,Patrick,Hodge,galvanmarc@example.com,+1-230-657-1349x42703,Delhi,2025-10-12
347,Edward,Leach,rick84@example.com,878-328-9908,Bangalore,2024-10-14
348,Connie,Taylor,sandrawright@example.org,+1-805-293-0176,Chennai,2024-07-23
349,Scott,Mendoza,richardstephen@example.com,337-514-6189,Chennai,2024-10-27
350,Emily,Lopez,evelynosborn@example.org,268.632.4489,Mumbai,2025-11-29
351,Sara,Foster,ballison@example.net,+1-741-447-1667x471,Pune,2024-10-20
352,Colleen,Thompson,chelsea81@example.org,001-406-291-4104,Chennai,2024-12-24
353,Krystal,Chan,swolfe@example.net,531.950.6433x69275,Chennai,2025-09-07
354,Anita,Anderson,smithkrystal@example.org,268-971-8603x5715,Delhi,2026-03-08
355,Edward,Daniels,crawfordjames@example.org,+1-595-655-7835,Bangalore,2026-01-28
356,Whitney,Richardson,jesusadams@example.org,(535)720-8768,Chennai,2026-06-14
357,Samuel,Martin,pstone@example.org,+1-488-585-3114x9003,Pune,2025-10-15
358,Tommy,Flores,ioconnor@example.com,001-426-796-1212x5386,Pune,2024-09-09
359,Joseph,Sanchez,palvarez@example.org,+1-618-428-7108,Hyderabad,2025-03-20
360,Logan,Bird,petersonvictor@example.net,001-809-476-8868,Hyderabad,2026-01-26
361,Michael,Rogers,baileyoneill@example.org,001-574-646-2691x76724,Hyderabad,2026-02-09
362,Connor,Butler,nancy17@example.net,853.890.1670x789,Delhi,2024-08-29
363,Hannah,Hall,gfisher@example.net,(610)862-1762,Pune,2024-09-18
364,Martin,Berry,brookebowman@example.net,(450)626-8868,Hyderabad,2026-06-16
365,Barbara,Fleming,amberprice@example.net,(764)877-5096x2389,Chennai,2025-02-09
366,Marcus,Clements,robertsondarius@example.net,001-460-956-7762x733,Hyderabad,2025-11-03
367,Brenda,Morris,osmith@example.com,(276)913-2095x89346,Hyderabad,2025-08-31
368,Jennifer,Brandt,melissa72@example.org,+1-658-759-5819x27049,Delhi,2024-10-01
369,Ronald,Hancock,warrenelizabeth@example.net,914.769.3571x810,Mumbai,2024-08-30
370,Emily,Thomas,jrollins@example.org,+1-638-693-2613x798,Hyderabad,2024-08-11
371,Elizabeth,Miller,jeffrey14@example.com,+1-356-200-6878x3037,Mumbai,2026-03-18
372,Alicia,Austin,donaldreynolds@example.org,001-596-346-3647x90057,Delhi,2026-06-30
373,Stephanie,Santana,boydthomas@example.net,3674694031,Bangalore,2026-05-21
374,Cindy,Kennedy,amy08@example.net,001-305-702-6488x688,Hyderabad,2024-09-17
375,David,York,mcclurethomas@example.org,776-845-5737,Pune,2025-08-09
376,Andrew,Turner,ronald63@example.net,+1-623-288-2170x4067,Mumbai,2025-09-05
377,Paula,Carroll,laura74@example.net,473-790-9094x081,Mumbai,2026-07-19
378,Christopher,Blevins,paulablake@example.com,330-517-8049,Hyderabad,2025-10-22
379,Lisa,Foley,pagejohn@example.net,411-944-1961x88088,Bangalore,2026-05-09
380,David,Mcdowell,xestes@example.com,(778)974-9265,Pune,2024-08-22
381,Crystal,Cabrera,steindavid@example.net,790.842.0993,Pune,2026-04-21
382,April,Bartlett,leedaniel@example.com,447.260.8018,Delhi,2026-02-23
383,Ashley,Reed,valenzuelaeric@example.org,(442)963-2168x138,Chennai,2025-03-15
384,Jennifer,Munoz,gchavez@example.com,414-872-0477,Pune,2025-07-07
385,Steven,Clark,holly29@example.net,+1-974-244-3963x059,Bangalore,2025-09-17
386,Suzanne,Cook,changdavid@example.com,878.220.4165,Chennai,2025-07-06
387,Sarah,Zhang,psmith@example.org,+1-429-306-0175x79017,Delhi,2026-02-26
388,Brandon,Whitaker,lholt@example.com,428-679-6037x2709,Delhi,2025-12-30
389,Madeline,Gonzalez,ubyrd@example.com,001-890-884-4627x49448,Hyderabad,2025-05-23
390,Joshua,Thompson,richardnorris@example.org,(675)991-1644x162,Chennai,2024-10-12
391,John,Hughes,sheila14@example.net,287.632.3880x764,Delhi,2026-01-28
392,Amy,Silva,brad37@example.org,635-791-0906x586,Bangalore,2026-05-06
393,Jeffery,Perez,dixonkerri@example.net,+1-504-707-0628x899,Pune,2024-12-10
394,Paul,Perry,jacobjohnson@example.com,(925)764-9441x40722,Mumbai,2024-08-28
395,Debbie,Lambert,duncanlori@example.com,001-552-558-9780x6627,Pune,2025-12-23
396,Kenneth,Lewis,melaniebarton@example.net,9303627457,Delhi,2025-12-05
397,Kristin,Stein,jennifer94@example.org,(201)802-7044x7144,Chennai,2024-09-27
398,Peter,Rodgers,amy97@example.net,872-896-7801,Mumbai,2024-10-24
399,David,Brooks,emily50@example.com,(949)327-0778,Hyderabad,2025-03-03
400,Michael,Irwin,jrivera@example.org,277.252.5760,Hyderabad,2026-02-17
401,Cynthia,Bell,faulknerbrandon@example.com,310.581.5049,Pune,2025-01-24
402,Jennifer,Rice,obrienkristen@example.net,226-715-0645x853,Bangalore,2025-05-13
403,Melissa,Mccullough,thompsonvanessa@example.org,675-248-4559,Bangalore,2026-04-17
404,Sonia,Lane,zbarnes@example.org,(486)424-3553x2700,Mumbai,2024-12-20
405,Kimberly,Hernandez,daniel00@example.com,+1-807-817-2504x2050,Pune,2025-04-26
406,Elizabeth,Lowe,williamwalker@example.net,3202390926,Delhi,2025-11-18
407,Joseph,Bautista,kcooper@example.com,+1-636-610-5320,Hyderabad,2025-06-27
408,Pamela,Cruz,thomasjonathan@example.net,724-216-7766x541,Hyderabad,2026-04-18
409,Debra,Johnson,watkinsbrandy@example.org,490-606-1162,Hyderabad,2026-04-11
410,Jeffrey,Anderson,michelle37@example.net,(402)978-8372x586,Mumbai,2025-10-15
411,Nancy,Hernandez,tina20@example.org,(711)279-7580x95218,Delhi,2025-07-26
412,Gary,Martin,lisaallen@example.com,(398)378-7149x94765,Bangalore,2026-06-17
413,Olivia,Stewart,kristilogan@example.org,(621)577-2205x20023,Hyderabad,2026-07-20
414,Jesse,Conner,teresajones@example.net,9873889016,Chennai,2026-06-09
415,Shannon,Hernandez,brittanyparks@example.net,+1-680-257-9593,Pune,2026-07-02
416,Ryan,Perez,stacywilliams@example.com,(627)672-2841x9325,Delhi,2025-12-06
417,Patrick,Hardin,amy73@example.net,001-420-333-7335x876,Bangalore,2024-08-23
418,Brian,Schmidt,trevorsmith@example.org,(246)545-5162x397,Chennai,2024-08-04
419,Mitchell,Murphy,christinesmith@example.net,(979)868-8677x98752,Chennai,2024-08-30
420,Matthew,Figueroa,melissawright@example.net,+1-444-664-6017x1453,Mumbai,2024-12-11
421,Carla,Guerrero,watsonmichelle@example.com,(642)245-6675x9369,Delhi,2026-01-28
422,Anthony,King,mcmahonrachel@example.org,001-242-879-3053x335,Delhi,2025-04-11
423,Dennis,Hubbard,blevinsnorma@example.com,206-931-8282x329,Bangalore,2025-04-12
424,Jeanne,Davis,goodwincharles@example.com,001-848-899-7541,Bangalore,2025-01-18
425,Cheyenne,Wood,coxamy@example.org,+1-688-799-0991x0258,Chennai,2025-03-13
426,Katherine,Stevens,wilsondennis@example.org,247.393.1610,Pune,2025-10-30
427,Sarah,Ewing,rickvasquez@example.com,7267236526,Bangalore,2025-07-11
428,Emily,Cervantes,david23@example.net,322-533-1504,Chennai,2025-03-07
429,Ashley,Little,rangeljustin@example.com,001-676-582-8022x16298,Pune,2024-09-26
430,Stephen,Jones,paulmora@example.net,(335)857-8246x1328,Hyderabad,2025-07-15
431,Christopher,Sullivan,crosbycatherine@example.com,7578404358,Mumbai,2025-01-26
432,Regina,Smith,taylor24@example.com,874.302.4807x6490,Mumbai,2026-03-31
433,Denise,Young,daviskristen@example.org,710.273.5543,Bangalore,2024-10-18
434,Kimberly,Scott,sean09@example.net,9425477557,Bangalore,2025-09-10
435,Jessica,Atkinson,tdavis@example.org,001-287-897-3679x7432,Bangalore,2025-06-21
436,Mathew,Serrano,nsteele@example.net,907.758.4475x4383,Pune,2025-10-01
437,Christopher,Howard,zhoward@example.org,+1-858-981-6318x9206,Hyderabad,2024-07-31
438,Erin,Chapman,abigailjenkins@example.org,734-223-3181x8521,Hyderabad,2024-12-27
439,Dillon,Kelley,elizabeth46@example.net,399.877.7941x036,Chennai,2025-05-19
440,Craig,Mcbride,dblair@example.com,2566406599,Pune,2026-04-12
441,Donna,White,debra49@example.org,6243122550,Chennai,2024-12-17
442,Michael,Orozco,jennifer98@example.com,001-909-314-5855x132,Hyderabad,2026-07-12
443,Dylan,Gould,arnoldlisa@example.net,(807)620-6936,Chennai,2025-03-19
444,Sharon,Cook,melanie12@example.com,207-251-2791x8917,Bangalore,2025-07-06
445,Jacob,Williams,ryandudley@example.com,+1-802-365-9214,Chennai,2024-10-10
446,Amanda,Webster,wangheidi@example.net,(618)399-0244,Bangalore,2026-05-21
447,Mark,Walker,rschaefer@example.org,332.817.9667x977,Chennai,2025-04-18
448,John,Johnson,yrandall@example.org,(817)253-2502x147,Pune,2024-09-13
449,Kaitlin,Perry,fitzpatrickapril@example.net,595.708.8398x26467,Chennai,2024-10-27
450,Judy,Wiggins,kristin24@example.org,(540)817-7644x3820,Chennai,2025-05-02
451,Lori,Liu,fwhite@example.com,712-911-4742,Hyderabad,2026-01-22
452,Tiffany,Alvarado,oreyes@example.org,4615349007,Delhi,2025-07-08
453,Victoria,Austin,bradleyrojas@example.net,438.522.7698,Bangalore,2026-04-14
454,Monica,Thomas,christianevans@example.org,2964167529,Delhi,2024-10-21
455,Stephen,Smith,devin54@example.net,550.557.5980x147,Bangalore,2024-08-31
456,Jennifer,Kaiser,glen79@example.com,+1-712-496-3113x89935,Chennai,2026-04-25
457,Terry,Nguyen,cherylwoodward@example.net,001-784-901-5263x299,Delhi,2026-02-18
458,Shannon,Moss,valerie17@example.net,310.507.4844,Bangalore,2025-09-09
459,Samuel,Williams,ybaker@example.net,(365)350-5271,Pune,2024-11-03
460,Melissa,Cannon,johnmurphy@example.org,001-439-850-0791x53756,Chennai,2024-12-26
461,Rhonda,Gibson,donaldgill@example.com,+1-839-496-6482x5733,Mumbai,2026-04-30
462,Dawn,Mcneil,blakekathy@example.com,780-349-1074,Bangalore,2025-02-17
463,Nathan,Carson,breannasimpson@example.net,2432283682,Pune,2026-01-21
464,Sophia,Romero,hodgesjon@example.org,(271)726-0055,Pune,2025-09-16
465,Lisa,Roy,laurasimmons@example.com,001-220-428-7681,Chennai,2025-10-06
466,Ricardo,White,ann05@example.org,215.897.2592x48901,Chennai,2026-03-16
467,Tyler,Mann,jacob60@example.net,613.777.3957,Delhi,2025-04-07
468,David,Thomas,caitlinwood@example.com,001-782-830-2482x99359,Bangalore,2024-12-03
469,Jennifer,Dyer,kaitlyn63@example.net,427.231.4147,Chennai,2025-02-21
470,Amanda,Bowman,warrenphilip@example.com,375.394.2613,Hyderabad,2025-05-27
471,Frank,Williams,hamiltondanny@example.net,001-441-496-9369,Bangalore,2024-09-23
472,Victoria,Dean,mboyd@example.org,(756)374-6972x07001,Chennai,2024-09-27
473,Justin,Pierce,jimenezjasmine@example.net,473.487.8788x072,Chennai,2025-05-06
474,Michael,Bonilla,alisonhoward@example.net,(708)217-5651x05354,Bangalore,2025-09-03
475,Travis,Fitzgerald,hernandezglenn@example.org,989-251-4615,Pune,2025-11-23
476,Jacqueline,Johnson,justinmiller@example.net,516-376-5765x6241,Mumbai,2026-04-30
477,Benjamin,Lee,heatheralvarado@example.com,287.790.3666x3233,Hyderabad,2026-07-12
478,Sheena,Gregory,kristenphillips@example.com,(908)411-5523,Bangalore,2025-01-12
479,Joy,Fisher,teresahooper@example.com,+1-503-335-7165x52223,Chennai,2025-09-03
480,Joseph,Collins,david61@example.org,(238)722-4778x47139,Hyderabad,2024-10-08
481,Nathan,Warren,jesse12@example.net,6576491545,Pune,2025-03-26
482,James,Becker,grosskyle@example.org,(216)408-7082,Pune,2024-08-12
483,Mary,Young,bettythomas@example.com,+1-585-443-0029x6050,Chennai,2024-09-17
484,Dan,Cox,qlang@example.net,452.521.7779,Pune,2025-07-17
485,Alex,Taylor,vchan@example.com,(792)626-5791x062,Pune,2025-01-17
486,Peter,Miller,hayleyharris@example.org,(715)705-8910,Bangalore,2025-04-22
487,Danny,Norman,evan72@example.org,(298)690-8127,Chennai,2024-11-10
488,Nicole,Stevenson,kmiller@example.com,+1-400-328-1332x25448,Delhi,2025-05-25
489,Adrian,Moon,stonewilliam@example.com,352.515.9794x0788,Delhi,2025-02-18
490,Kevin,Nguyen,xbaxter@example.net,699-682-3310x979,Pune,2025-08-17
491,Cheryl,Fernandez,charles09@example.net,001-826-695-1751x5505,Hyderabad,2024-08-06
492,Kevin,Daniel,theresa49@example.com,623-712-4097,Chennai,2024-11-08
493,Brent,Clark,pburgess@example.net,001-431-980-7294x92507,Chennai,2024-11-19
494,Cheryl,Johnson,david36@example.com,608-644-8403,Pune,2025-06-18
495,Courtney,Carter,swall@example.com,+1-808-701-9114x54231,Chennai,2026-04-25
496,Christine,Larsen,tyler15@example.net,001-368-830-9541x20532,Mumbai,2025-03-15
497,Teresa,Torres,katherine81@example.org,(408)261-7786x165,Pune,2026-06-01
498,Christina,Cameron,harveysarah@example.net,001-925-690-0093,Hyderabad,2026-02-11
499,Michelle,Simmons,gmorgan@example.org,+1-387-341-5375,Mumbai,2024-10-03
500,Brandon,Santiago,wkline@example.org,288-985-8276x67505,Pune,2025-04-21
501,Charles,Robles,taylormatthew@example.com,637-753-8203x73586,Chennai,2026-05-23
502,Sherry,Prince,richardgardner@example.com,001-811-284-6794x41870,Pune,2026-04-22
503,Samantha,Edwards,christopher19@example.net,(233)475-2849x540,Chennai,2025-08-12
504,Michael,Smith,millershane@example.com,(981)345-4176x62069,Delhi,2026-05-23
505,Alice,Patterson,freemanmegan@example.net,289-989-5878x971,Bangalore,2024-08-17
506,Leslie,Newman,mccluremelissa@example.net,+1-204-643-5429,Chennai,2025-01-12
507,John,Warner,hfields@example.com,(387)269-8652x666,Delhi,2025-11-13
508,Christine,Rogers,gmiller@example.com,(915)704-8582x0988,Pune,2024-10-04
509,Robert,Gutierrez,dsmith@example.com,661-379-5152,Bangalore,2024-09-14
510,Tonya,Ramirez,sarcher@example.net,(271)914-3867x80168,Pune,2026-07-20
511,Richard,Lucas,jasonhernandez@example.org,001-807-821-0583x7184,Hyderabad,2024-08-02
512,Dawn,Castro,anna44@example.com,383-826-6126x60909,Pune,2025-12-21
513,Kenneth,Ortega,ufischer@example.org,5129531828,Hyderabad,2025-04-13
514,Doris,Zimmerman,oscarrose@example.com,(802)846-2271,Bangalore,2024-09-23
515,Theresa,Lopez,cassandragonzales@example.com,001-674-754-5179x57992,Delhi,2025-07-18
516,Jill,Allison,katie33@example.com,+1-445-748-0400,Mumbai,2024-11-10
517,Teresa,Phillips,kevincarlson@example.org,001-685-559-2390,Mumbai,2024-10-27
518,Lisa,Todd,tylermichael@example.com,503-249-2819x6944,Hyderabad,2024-08-31
519,Shawn,Moore,lindsay06@example.net,742-473-8946x7890,Mumbai,2025-07-09
520,Benjamin,Bruce,cunninghamsuzanne@example.org,694.998.8905x16136,Mumbai,2025-04-19
521,Robert,Huang,sodonnell@example.com,001-507-296-7781,Hyderabad,2025-05-05
522,Brian,Green,beanjose@example.org,+1-752-552-5398x37963,Pune,2025-05-15
523,Johnny,Guerra,nicole65@example.com,651-419-5836,Chennai,2025-11-21
524,Renee,Ramirez,deannafarrell@example.org,001-492-906-4819x62841,Delhi,2025-02-26
525,Nicholas,Clark,angelicahunter@example.com,2185564530,Delhi,2025-09-19
526,Patty,Hudson,emilysilva@example.net,402.240.8801,Bangalore,2025-06-19
527,Katherine,Green,amycunningham@example.org,(223)562-1601,Mumbai,2026-04-01
528,Charlene,Harris,jaime74@example.org,+1-864-416-3405x27243,Delhi,2025-02-28
529,John,Burns,morrisdebra@example.com,(766)805-5640x012,Hyderabad,2026-02-09
530,April,Logan,lsmith@example.com,+1-463-784-4448x987,Mumbai,2024-12-16
531,William,Kaiser,veronica83@example.com,532-532-5204x33061,Chennai,2025-04-11
532,Kristen,White,margaretdickerson@example.org,+1-493-300-5331,Delhi,2026-06-19
533,Rachel,Hill,smithanne@example.net,(417)930-0470x13659,Hyderabad,2024-12-30
534,Tracy,Henderson,robertsonjoseph@example.org,+1-235-796-7530,Hyderabad,2025-10-27
535,Lisa,Harris,patrick56@example.net,696.455.1791x0462,Pune,2025-10-03
536,Sarah,Hess,jennifer79@example.net,490-462-6397x31055,Bangalore,2025-08-22
537,Emily,Moore,sbullock@example.net,547-715-5161x38884,Pune,2025-01-28
538,Brandon,Hanna,chelseaflores@example.org,994.462.2601,Mumbai,2025-12-19
539,Jennifer,Park,hfaulkner@example.com,(456)539-6061,Delhi,2024-10-02
540,Harold,Jacobs,jennifercain@example.org,001-549-648-7406x572,Chennai,2026-06-06
541,Cory,Rodriguez,robertspatricia@example.net,434.382.4552,Pune,2025-07-04
542,Victoria,Washington,victoriabender@example.net,001-780-344-1381x0702,Bangalore,2024-12-20
543,Robert,Vaughn,oscar43@example.net,(440)428-8188x45536,Chennai,2025-10-03
544,Jacqueline,Johnson,autumn87@example.com,(328)974-8707x83751,Mumbai,2026-03-02
545,Rebecca,Swanson,douglasthomas@example.net,+1-257-586-0936,Delhi,2025-09-24
546,Joanna,Schmidt,jimmybrown@example.com,425.616.2742x58528,Hyderabad,2025-06-10
547,William,Thompson,jrose@example.org,+1-318-223-2199x79776,Mumbai,2025-02-03
548,Hailey,Brown,adavenport@example.org,(321)878-6528x567,Mumbai,2026-01-19
549,Nicholas,Conway,jnichols@example.org,461-573-2107x903,Chennai,2025-02-17
550,Steven,Gibson,philipgarcia@example.org,355-955-0491,Bangalore,2025-08-02
551,Karen,Newton,bdawson@example.net,276-535-5119,Hyderabad,2024-07-26
552,Trevor,Carrillo,virginiahoover@example.net,664.342.4879x03303,Delhi,2026-05-13
553,Teresa,Barnett,davismichael@example.net,+1-958-906-7648x1381,Bangalore,2025-11-13
554,Jonathan,Aguilar,mark26@example.org,001-599-979-8740x800,Bangalore,2025-03-03
555,Hannah,Sutton,xoneal@example.com,980-869-9849,Pune,2024-10-17
556,Amber,Nelson,sandra61@example.net,(237)895-8276x6643,Mumbai,2025-04-28
557,Robert,Long,nramirez@example.net,001-207-230-3548x4633,Hyderabad,2024-10-20
558,Tiffany,Peterson,martinezrichard@example.org,+1-451-896-7689,Hyderabad,2025-10-27
559,Cheryl,Randall,mwilliams@example.net,(403)750-3144x91606,Bangalore,2026-07-07
560,Adam,Harper,lisa54@example.org,588.485.2469x30578,Chennai,2026-07-05
561,Janet,Wilkins,richardlopez@example.net,444.329.9031x58246,Delhi,2026-04-04
562,Christopher,Smith,stefanie08@example.com,+1-476-538-8969,Chennai,2025-08-14
563,Robert,Huff,martinezkevin@example.org,+1-718-478-9247,Pune,2026-06-19
564,Frederick,Fischer,cohennicholas@example.net,+1-709-250-8260,Bangalore,2026-04-05
565,Patricia,Thomas,sandrathomas@example.org,687.456.1919x938,Chennai,2025-03-11
566,Tracy,Hernandez,davidlarson@example.com,001-730-683-0468x65073,Mumbai,2026-04-09
567,Austin,Moore,deborahmckee@example.com,306.928.4864x8285,Hyderabad,2025-04-14
568,Ryan,Garcia,nicholas26@example.com,338-785-9775x1920,Hyderabad,2024-11-11
569,Keith,Kennedy,timothybaxter@example.com,(574)785-1878,Delhi,2025-07-14
570,Chelsea,Glover,daniellejones@example.net,+1-722-315-3975,Mumbai,2026-06-02
571,Caitlin,Baker,james53@example.org,9776081140,Hyderabad,2024-11-11
572,Alyssa,Nguyen,jessica76@example.net,234-479-2269,Bangalore,2025-08-06
573,Andrew,Williams,scottsmith@example.com,809-873-1100x940,Chennai,2025-04-29
574,Randy,Flynn,jnixon@example.net,(363)224-4547x82418,Pune,2024-10-21
575,Wendy,Stephens,kristen01@example.org,001-452-693-4642,Pune,2025-04-28
576,Stephanie,Walters,henrybird@example.org,281-722-8045x0250,Chennai,2025-07-01
577,Sandra,Parker,russellbrown@example.com,+1-584-434-4523x58319,Pune,2026-05-20
578,John,Jones,gordonanthony@example.com,001-604-308-1316,Mumbai,2025-04-17
579,Christopher,Calhoun,jennalarson@example.org,001-287-594-1338x33333,Mumbai,2024-11-14
580,Lisa,Hill,shahbarbara@example.net,001-812-227-7924x72650,Bangalore,2026-06-05
581,Timothy,Ortiz,johnsonkevin@example.net,001-776-603-8061x33561,Hyderabad,2024-10-09
582,Dylan,Knight,jamesrice@example.net,(709)474-5692x514,Chennai,2026-03-16
583,Brad,Riley,underwoodjeremy@example.org,(346)338-1926,Delhi,2024-09-22
584,Brittany,Roberts,browndaniel@example.net,2279070655,Pune,2026-07-11
585,Edward,Villanueva,owheeler@example.com,842.702.8829,Pune,2026-07-22
586,Ricardo,Lopez,vlawson@example.org,569-301-0299x327,Delhi,2026-04-20
587,Adam,Andrews,kyoung@example.com,700.893.6146,Bangalore,2024-10-02
588,Amy,Sanders,vjohnson@example.net,9435964481,Chennai,2025-08-21
589,Jennifer,Scott,rodriguezjames@example.com,256-475-6690x4365,Mumbai,2025-07-18
590,Michelle,Levy,omarks@example.com,(804)333-5116,Chennai,2025-09-14
591,Troy,Thornton,fcantrell@example.org,+1-681-373-1259x8571,Chennai,2026-02-09
592,Meredith,Roberson,john49@example.net,(443)250-7415,Chennai,2024-08-07
593,Dylan,Baxter,mclaughlinjessica@example.org,2006706042,Pune,2025-08-23
594,Crystal,Compton,freymary@example.net,738-819-9459,Hyderabad,2024-12-27
595,Amanda,Hansen,clarkgregory@example.net,(630)276-0486,Bangalore,2025-11-02
596,James,Reyes,jenna27@example.org,+1-766-323-3167x6886,Mumbai,2024-12-30
597,Jennifer,Phillips,zrobbins@example.org,+1-661-828-0643x39744,Chennai,2025-10-31
598,Andrew,Floyd,melissabrown@example.com,729.458.2155,Bangalore,2025-03-23
599,Lisa,Jackson,lthomas@example.net,+1-228-860-7662x3137,Pune,2024-09-26
600,Gregory,Serrano,goodwinerin@example.com,+1-870-995-7802x66192,Pune,2024-09-27
601,Timothy,Ellis,stevenflores@example.com,+1-280-396-1207x81307,Chennai,2026-07-10
602,Donna,Cruz,justinhughes@example.com,(277)208-8732x04425,Delhi,2026-02-14
603,Nathan,Anderson,ypaul@example.net,001-701-617-8101x843,Chennai,2024-08-20
604,Samantha,Munoz,deborah66@example.com,001-538-419-0172x515,Hyderabad,2026-01-11
605,Jerry,Clark,glewis@example.com,9533305183,Bangalore,2026-01-30
606,Crystal,Reed,keithreid@example.com,001-478-723-4526x9289,Pune,2025-03-23
607,Mark,Lam,obryant@example.net,+1-602-781-0909x005,Delhi,2026-05-20
608,Laura,Lowery,paulsandra@example.org,907-522-1898x84831,Delhi,2026-07-01
609,Richard,Andrade,mcdowellkelly@example.com,524-582-5431,Bangalore,2026-07-10
610,Anna,Conway,brandonbryant@example.com,326-276-0578x72749,Pune,2024-08-25
611,Jasmine,Trevino,jacobstone@example.com,525.298.2719x299,Pune,2025-07-03
612,Larry,Torres,masonrobyn@example.net,759-433-1577x91115,Pune,2024-12-23
613,Victoria,Bartlett,jwilliams@example.com,(479)981-4302,Pune,2025-07-02
614,Bryan,Castillo,ortegarose@example.com,973.763.1092,Delhi,2026-01-27
615,Sarah,Scott,xlawson@example.org,949-576-9747x426,Delhi,2025-07-01
616,Jeffery,Moore,pjackson@example.com,659-708-6372,Chennai,2026-07-09
617,Matthew,Diaz,wjenkins@example.org,+1-917-343-6694x0631,Chennai,2026-01-09
618,Cynthia,Davis,ohall@example.net,(861)819-3724x4590,Hyderabad,2024-11-09
619,Christopher,Campbell,karen36@example.org,001-456-756-1260x794,Bangalore,2025-04-14
620,Jennifer,Ortiz,whuffman@example.org,974.310.9580,Chennai,2026-03-26
621,Jacob,Levine,taylorstephen@example.org,(445)383-9953x188,Delhi,2025-10-15
622,Robert,Rodgers,nancymartinez@example.com,(219)442-7452x38843,Pune,2026-04-03
623,Marie,Gordon,ohowell@example.org,512.817.4553x091,Bangalore,2026-03-13
624,Penny,Rodriguez,lambertdonna@example.org,+1-535-402-1183,Hyderabad,2026-01-20
625,Christopher,Martin,harrellanna@example.org,001-839-501-6177x209,Pune,2025-03-28
626,Richard,Lee,qwong@example.com,635.774.4297x3950,Mumbai,2024-09-27
627,Steven,Jennings,steven47@example.org,878-227-8676,Delhi,2026-07-15
628,Ronald,Cook,reedtroy@example.com,7029302638,Chennai,2026-07-07
629,Melissa,Smith,kristin50@example.org,590.377.3057,Delhi,2026-04-13
630,Henry,Costa,mark82@example.com,(283)241-7967x04463,Bangalore,2025-11-21
631,Cassandra,Dennis,jjohnson@example.com,001-296-498-8977x91502,Bangalore,2025-10-26
632,Wesley,Cummings,stephenjohnson@example.com,450.320.5520x2772,Hyderabad,2025-11-02
633,Courtney,Fox,jamie27@example.org,3209884231,Mumbai,2025-08-04
634,Brenda,Monroe,sarah31@example.com,(980)510-3499,Bangalore,2025-04-04
635,Joshua,Martinez,sheliaroberts@example.net,001-288-204-7618,Mumbai,2025-03-25
636,Kaylee,Martinez,cameron08@example.com,256.673.8606x27845,Delhi,2024-08-09
637,Megan,Delgado,austinhansen@example.com,8636675484,Chennai,2025-01-26
638,Lauren,Cruz,mark37@example.com,360-432-6118x08213,Hyderabad,2025-10-11
639,Kyle,Andrews,ybuckley@example.net,632-908-3838,Hyderabad,2026-01-01
640,James,Cobb,millermichele@example.net,450.883.9696x650,Pune,2024-11-16
641,Levi,Mckenzie,johnarellano@example.net,(592)912-0740,Mumbai,2025-01-16
642,Anthony,Jackson,ricardorobinson@example.net,(633)980-7154x82321,Chennai,2026-01-14
643,Barbara,Dawson,asmith@example.org,873.744.0385,Pune,2024-08-09
644,Joanne,Cline,xashley@example.org,(996)655-6745x1963,Bangalore,2026-06-10
645,Sydney,Rodriguez,michellelucas@example.net,(244)706-7685x88909,Mumbai,2025-01-02
646,Denise,Villarreal,hallkevin@example.com,859.252.4782x9587,Pune,2025-05-12
647,Julie,Dunn,timothy40@example.net,001-502-369-9359x851,Delhi,2026-04-25
648,Shelly,Harmon,jbernard@example.com,+1-631-470-4059x21627,Delhi,2025-05-25
649,Jason,Barton,nicoleatkins@example.org,(862)317-4694x004,Pune,2024-10-27
650,Thomas,Hill,adkinsmichael@example.com,(675)996-1985,Mumbai,2025-04-12
651,Frederick,Johnson,leonardkim@example.com,659-269-4060x510,Hyderabad,2025-07-26
652,Mark,Campbell,mmurphy@example.com,7943273638,Chennai,2026-04-26
653,Kimberly,Ryan,lyonschristy@example.org,709-958-5664x18505,Bangalore,2025-06-28
654,Donna,Foster,rmccoy@example.org,338.719.3709x10895,Bangalore,2025-06-19
655,Lori,Robinson,badams@example.net,(681)255-8922,Mumbai,2026-03-16
656,Michelle,Blair,williamskenneth@example.net,544.280.7579x0153,Chennai,2025-07-18
657,Kim,Swanson,jonesdustin@example.com,2102088419,Bangalore,2025-02-19
658,Gabriela,Robles,david82@example.net,(203)428-4816,Chennai,2026-01-05
659,Keith,Howard,brittanymunoz@example.net,593.546.6168x735,Chennai,2025-07-28
660,Jonathan,Mayo,jacquelinekelley@example.net,+1-203-468-7252x320,Hyderabad,2025-03-17
661,Stephanie,Good,burnserin@example.com,(876)341-4459x06407,Mumbai,2024-11-01
662,Rachael,Moreno,murphystacy@example.com,239.265.4287,Bangalore,2024-12-22
663,Michael,Finley,renee29@example.org,001-992-694-8917x20521,Hyderabad,2025-10-23
664,Jamie,Carroll,jacobsjoshua@example.org,+1-303-931-3353x21205,Pune,2024-10-20
665,Jonathan,Anderson,kevinclark@example.net,001-632-730-2473x0720,Mumbai,2025-07-02
666,Joseph,Rodriguez,alicia11@example.org,+1-391-387-2314x2656,Mumbai,2025-02-27
667,Isaac,Evans,edward62@example.net,967-880-9665x33261,Mumbai,2025-01-07
668,Rebecca,House,lewisjessica@example.com,981.390.9763,Chennai,2025-12-15
669,Devin,Ramos,amurphy@example.net,+1-930-780-9766x7625,Chennai,2026-02-16
670,Stacy,Collins,ecoleman@example.net,(241)275-6741x991,Hyderabad,2025-06-03
671,Phillip,Hall,yaguilar@example.net,001-612-934-8517x308,Bangalore,2026-01-23
672,Kathleen,Butler,wilsonjacqueline@example.org,655.261.8294x7246,Hyderabad,2025-12-23
673,Stacey,Fox,dcole@example.com,(930)391-0885x279,Pune,2024-07-23
674,Carolyn,Rose,terri17@example.com,001-770-870-0676x0561,Chennai,2025-08-19
675,Sandra,Vargas,jose97@example.org,001-873-352-9743x9700,Hyderabad,2026-06-16
676,Andrea,Davis,stephanieedwards@example.com,001-689-958-7722x9862,Hyderabad,2026-06-24
677,Virginia,Reed,mollyswanson@example.net,851.532.7617x9882,Bangalore,2025-05-07
678,Timothy,Williams,brianna43@example.net,+1-355-883-5910x8105,Chennai,2026-03-23
679,Jeffrey,Estrada,lisavelez@example.net,526-810-0789x76485,Pune,2025-03-31
680,Jennifer,Mccormick,marydorsey@example.net,+1-932-365-0346x40254,Pune,2025-06-24
681,Juan,Simmons,susan23@example.net,308-761-6891x9496,Delhi,2024-08-25
682,Tracey,Patterson,melissa00@example.org,+1-796-786-5824x607,Bangalore,2026-03-28
683,Sarah,Byrd,martinkeith@example.com,+1-599-966-0927x1776,Delhi,2026-01-19
684,Nicole,Clark,angelaclayton@example.net,(804)700-1454x788,Chennai,2026-01-06
685,Kenneth,Knight,yespinoza@example.net,267.615.6205x4466,Mumbai,2025-05-29
686,Julie,Weaver,rodney11@example.net,(467)820-2258,Hyderabad,2026-04-21
687,Thomas,Thompson,shepherdlisa@example.net,339-885-7318x309,Bangalore,2026-05-01
688,Larry,Martinez,cwarner@example.com,262-456-4577x9394,Bangalore,2025-06-03
689,Blake,Ramirez,karen93@example.com,436-404-7434,Delhi,2024-09-13
690,John,Allen,dennis00@example.org,+1-954-368-7717,Chennai,2025-10-21
691,Christine,Ayala,smithmelanie@example.net,291.860.5898x5437,Hyderabad,2025-03-31
692,Joshua,Berry,carlsondavid@example.net,+1-611-462-3720x6197,Chennai,2024-12-02
693,Kevin,Patton,david44@example.org,712.329.1271,Hyderabad,2026-02-17
694,Michael,Mckinney,austin85@example.net,414.331.7355x8856,Mumbai,2024-09-21
695,Shaun,Brown,normanestrada@example.com,(972)288-8984x703,Delhi,2024-10-09
696,Leslie,Robinson,darlene82@example.net,(321)599-4221x667,Delhi,2026-01-31
697,Dylan,Copeland,aprilgreen@example.net,882-720-9292x295,Hyderabad,2026-06-17
698,Danny,Townsend,joneslisa@example.com,509-270-1493,Hyderabad,2025-07-25
699,Angela,Harris,xbranch@example.org,759-570-0194,Pune,2026-04-21
700,Nicole,Walker,joshuasmith@example.com,416.630.6310,Hyderabad,2025-02-05
701,Aaron,Wall,ncollins@example.net,(736)772-6703,Mumbai,2025-04-24
702,Michelle,Perez,brittanyjohnson@example.net,+1-514-594-6240,Mumbai,2025-06-25
703,Paul,Romero,operry@example.org,(373)251-7813x183,Chennai,2025-05-25
704,Brandon,Stewart,michaela38@example.com,+1-863-721-8520x92079,Mumbai,2025-05-27
705,Christopher,Conner,bevans@example.com,(726)541-7301,Delhi,2024-09-09
706,Chris,Thomas,robert94@example.com,(602)614-3826x6486,Hyderabad,2025-07-02
707,Nathan,Gonzalez,michaeljensen@example.com,+1-383-288-5047x1335,Pune,2024-08-12
708,Laura,Carter,barnesamanda@example.org,+1-696-876-4268x859,Chennai,2026-01-04
709,William,Roberts,austinmiller@example.org,001-225-608-1157x572,Delhi,2025-10-14
710,Ricky,Flores,vstone@example.com,4206475516,Chennai,2024-09-20
711,Gregory,Franco,lauraflores@example.net,+1-740-885-9849,Mumbai,2026-07-04
712,Brian,Fernandez,michael39@example.com,+1-441-343-7823x0638,Pune,2025-09-10
713,Scott,Gomez,eric43@example.net,+1-267-265-1547x58437,Hyderabad,2026-04-03
714,Rachel,Garcia,scottjulian@example.net,+1-318-764-0605x957,Bangalore,2024-08-03
715,Elizabeth,Blackwell,martinjane@example.net,(940)946-8320x6221,Bangalore,2026-07-13
716,Richard,Nguyen,crystalcook@example.com,+1-287-292-1411x45128,Bangalore,2025-12-03
717,Cynthia,Carter,mooreshannon@example.org,001-922-354-8899,Bangalore,2024-08-09
718,James,Holland,qlopez@example.org,(771)801-1147x496,Chennai,2024-10-25
719,Sean,Mason,rroman@example.net,001-379-371-7771x02934,Delhi,2026-02-22
720,Anna,Schroeder,edwardschelsea@example.com,(772)488-3549,Chennai,2025-01-04
721,Steven,Chandler,fwashington@example.net,584.833.4696,Delhi,2025-02-22
722,Sara,Ward,gnash@example.net,+1-470-438-6730x94982,Mumbai,2024-09-16
723,Jason,Moore,dwinters@example.net,918-840-1214x6213,Chennai,2026-06-21
724,Veronica,Wiley,robert54@example.org,(922)782-8702x741,Hyderabad,2026-05-22
725,Joy,Lopez,patricia96@example.com,674-540-7017,Hyderabad,2025-09-25
726,Cynthia,Wise,xsutton@example.org,977-862-0265x548,Mumbai,2025-08-10
727,Jessica,Holland,brenda40@example.net,364.407.4085,Pune,2025-01-13
728,Jennifer,Johnston,edward65@example.org,5135920194,Delhi,2024-07-25
729,Veronica,Obrien,xmorgan@example.net,001-587-243-9216x22519,Delhi,2025-07-06
730,Steven,Herrera,tammy63@example.net,+1-574-759-2092x583,Bangalore,2025-07-21
731,Laura,Gibbs,christopher57@example.org,751-446-5032x3060,Bangalore,2025-05-27
732,Brent,Crawford,daleroach@example.org,958.258.6921,Bangalore,2026-04-14
733,Cindy,Guzman,pedwards@example.org,3272825592,Pune,2025-11-23
734,Rhonda,Harris,hunter77@example.net,(417)724-1768,Bangalore,2026-05-15
735,Stephanie,Miller,lindamays@example.com,5803502211,Chennai,2024-08-02
736,Heidi,Fleming,bryantgeorge@example.com,774.549.3018x709,Hyderabad,2025-11-24
737,Susan,Barrett,john37@example.org,549-412-6347,Mumbai,2024-08-04
738,Sandra,Harris,uavila@example.org,472-495-1387x0557,Hyderabad,2026-06-29
739,Susan,Morgan,jamie97@example.com,(930)246-5682x611,Delhi,2024-12-23
740,Julia,Marshall,ecuevas@example.com,001-789-255-4995x69348,Chennai,2024-08-06
741,Caleb,Wright,oanderson@example.com,601-678-8236,Pune,2026-05-18
742,Debra,Washington,raymond91@example.net,242-685-0020x025,Bangalore,2025-04-02
743,Micheal,Walker,dgates@example.com,598.523.4408x521,Pune,2025-02-04
744,Brian,Price,kennethstone@example.com,867-935-5584,Bangalore,2025-06-12
745,Becky,Hill,castrokimberly@example.net,5292956940,Pune,2026-03-28
746,Matthew,Everett,ashleysanchez@example.com,(577)875-8313,Hyderabad,2024-09-20
747,Beth,House,tony41@example.net,(921)205-8000x05579,Mumbai,2025-05-25
748,Kelly,Hill,mscott@example.com,297-445-6024,Mumbai,2025-04-24
749,Hannah,Walker,craigkarl@example.net,709.221.1292,Chennai,2026-03-20
750,Courtney,Rojas,scottmanning@example.net,3466021362,Hyderabad,2025-02-20
751,Kristy,Huang,dannybrock@example.net,(578)607-4535,Delhi,2025-12-21
752,Courtney,Harding,melissa77@example.net,714-476-9393x979,Hyderabad,2026-01-22
753,Seth,Cooper,browncraig@example.com,(479)616-5680x57253,Delhi,2026-03-10
754,Brian,Perez,acastro@example.com,849-887-9664x225,Pune,2024-12-28
755,Jason,Thomas,efriedman@example.com,889-647-5799,Hyderabad,2026-01-16
756,Renee,Gallegos,qesparza@example.org,+1-431-962-8164x3651,Hyderabad,2024-11-02
757,Melanie,Riley,crystal02@example.org,613-328-2978,Mumbai,2024-10-07
758,Kevin,Stanton,julie77@example.net,257-757-5960x054,Hyderabad,2025-03-08
759,Megan,Castro,marcia09@example.com,001-646-288-8637,Mumbai,2025-08-29
760,Nicole,Harrison,williamsjulie@example.net,271.300.9188,Delhi,2024-12-16
761,Phillip,Anderson,moorebruce@example.org,417-870-4639x9407,Mumbai,2025-05-26
762,Donna,Hall,adrian47@example.net,(788)553-5213,Chennai,2025-09-10
763,Ashley,Franklin,lucas08@example.net,+1-330-735-4228x2545,Hyderabad,2026-07-18
764,Shannon,Poole,scott20@example.org,+1-902-265-9367x7479,Pune,2025-04-26
765,Mark,Contreras,pperkins@example.com,+1-264-242-2732x9298,Pune,2024-10-17
766,Jose,Clay,nbray@example.org,9887051033,Delhi,2025-03-08
767,Michael,Johnson,sbyrd@example.net,+1-703-777-3466,Pune,2026-06-23
768,Katherine,Nichols,elliotttravis@example.com,522-219-4852,Delhi,2025-07-11
769,Mary,Wood,gomezmichael@example.net,(420)302-9297,Pune,2025-07-23
770,Laura,Hernandez,griffinscott@example.org,(540)315-2484x332,Mumbai,2025-07-08
771,Aaron,Roach,stewartandrew@example.net,(288)928-1345x403,Delhi,2026-02-15
772,Austin,Mcmahon,larrycaldwell@example.com,001-721-950-2332x34865,Bangalore,2025-10-26
773,Mitchell,Thomas,tdavis@example.org,001-996-572-4381x01592,Chennai,2026-06-11
774,William,Padilla,syoung@example.org,001-891-766-2590x88428,Bangalore,2026-06-16
775,Sarah,Davis,james96@example.org,990.982.6147x510,Mumbai,2026-03-22
776,Michelle,Stevens,wallsaaron@example.net,9532564014,Chennai,2025-10-04
777,Robert,Hughes,megan54@example.org,6226644411,Chennai,2025-08-05
778,Henry,Berg,larsenkelly@example.org,(449)211-9085x9805,Bangalore,2025-02-02
779,Jennifer,Clark,escobarsharon@example.net,(696)939-7790,Chennai,2025-02-01
780,Timothy,Mccann,tracey30@example.net,3956881108,Hyderabad,2025-05-18
781,Rachel,Mitchell,kevinmiller@example.net,+1-908-933-5642,Hyderabad,2025-09-16
782,Jennifer,Coleman,blittle@example.net,(738)495-1483x2071,Mumbai,2025-10-21
783,Alexa,Daugherty,perryjuan@example.net,949-488-3453,Hyderabad,2026-05-04
784,Daniel,Parker,owensashley@example.org,+1-452-926-5235,Bangalore,2025-07-10
785,Sean,Aguilar,wendyglenn@example.net,9435687721,Hyderabad,2025-11-16
786,Bryan,Kelly,johnchandler@example.org,(252)559-3359,Bangalore,2024-10-26
787,Logan,Dennis,greenmichael@example.net,350-806-2233,Hyderabad,2024-10-08
788,Darius,Andrade,jennifer59@example.org,827.838.0716,Hyderabad,2024-11-13
789,Joseph,Evans,griffinchristopher@example.net,001-617-700-8338,Delhi,2025-06-16
790,Sarah,Myers,robertsonkevin@example.com,(253)721-7279,Delhi,2026-01-28
791,Michael,Reilly,cmiles@example.com,001-214-614-5594x00250,Delhi,2024-08-30
792,Cameron,Hernandez,smccormick@example.org,729-866-2661,Chennai,2024-09-29
793,David,Morales,lisajordan@example.net,(292)587-6313x251,Bangalore,2025-03-24
794,Kaylee,Grant,garciajames@example.net,909.784.9592x2414,Chennai,2025-09-26
795,Jeffrey,Palmer,mitchellmiguel@example.org,(973)943-4039,Mumbai,2026-02-21
796,Christine,Gonzales,connorconrad@example.net,(473)532-8493,Delhi,2026-02-24
797,Kendra,Hinton,shannon66@example.com,+1-921-822-4552x7047,Mumbai,2026-04-23
798,Chelsea,Obrien,mary71@example.org,001-748-431-5892x0369,Chennai,2025-12-26
799,Joseph,Turner,yjohnson@example.com,676.408.8364x90414,Mumbai,2025-06-01
800,Diane,Shaw,dillon72@example.org,683.787.1082,Pune,2025-05-14
801,Jacqueline,Davis,jonathan20@example.org,001-549-797-2165x27905,Hyderabad,2025-02-15
802,Lindsey,Cunningham,gregorythomas@example.net,+1-515-937-7246x715,Mumbai,2024-11-25
803,Melissa,Moore,idavis@example.com,(211)722-2798x3018,Hyderabad,2026-06-02
804,Jackie,Boyd,johnsjohn@example.com,+1-419-598-5484,Mumbai,2025-04-17
805,Jeremiah,Phillips,smithfrancisco@example.com,+1-834-891-2652x53813,Delhi,2025-03-20
806,Katie,Stevens,andrew55@example.org,784.226.8211,Pune,2024-12-04
807,Chelsea,Adams,joshuajohnson@example.com,755.542.5722x906,Pune,2025-02-13
808,Wendy,Glenn,bball@example.com,+1-705-624-3178x3959,Hyderabad,2025-06-01
809,William,Thompson,adrianmoreno@example.com,737.416.7457x16144,Mumbai,2026-01-03
810,Keith,Logan,ethanhull@example.com,796.219.0783x590,Delhi,2025-11-17
811,Justin,Berry,amy47@example.net,421-653-9638x2889,Hyderabad,2024-12-01
812,Dana,Lewis,williamkim@example.net,939-507-1451x762,Mumbai,2025-01-09
813,Ashley,York,meyersrobert@example.org,(852)894-7100x23699,Delhi,2025-12-09
814,Alec,Brown,adam87@example.org,(610)521-7075x17110,Mumbai,2025-03-11
815,Carolyn,Johnson,qperez@example.net,+1-908-261-8632x0868,Mumbai,2025-01-15
816,Andrea,Fields,christinapage@example.org,890.303.6609,Delhi,2024-12-26
817,Terri,Duncan,anthony01@example.com,+1-426-686-3034x5690,Bangalore,2025-03-23
818,Kyle,Meadows,thomas06@example.org,001-290-883-2088,Delhi,2025-01-28
819,Lisa,Peterson,brett64@example.org,(271)533-7053,Pune,2025-01-02
820,Jennifer,Wilkins,gonzalezkenneth@example.org,712.719.9510,Pune,2024-11-23
821,Benjamin,Campbell,molinacharles@example.org,6727082052,Mumbai,2025-01-07
822,Heather,Wilson,brendasanders@example.net,(451)753-2325x657,Bangalore,2026-07-05
823,Wendy,Ruiz,pagediane@example.org,+1-615-652-4430,Bangalore,2026-07-14
824,Sherry,Jones,utaylor@example.com,(732)634-2992x3779,Bangalore,2025-07-20
825,Derrick,Young,qjones@example.org,642.306.9840,Chennai,2025-08-12
826,Madison,Nguyen,justinlopez@example.net,(437)239-7868x3103,Bangalore,2024-11-02
827,Ricardo,Singleton,john06@example.org,001-741-237-3536,Bangalore,2025-05-15
828,Angela,Avery,sullivanlindsay@example.net,614.630.7761,Bangalore,2025-03-13
829,Walter,Powers,kaitlin60@example.com,737-629-8995,Mumbai,2024-09-05
830,Frank,Werner,kelly87@example.net,001-350-705-5110,Bangalore,2025-05-29
831,Karen,King,rmaxwell@example.com,+1-328-290-1189x58032,Delhi,2026-02-27
832,Maria,Johnson,xbrown@example.net,577.633.7137x791,Delhi,2024-09-20
833,Austin,Bishop,sean25@example.org,+1-741-477-8090x4969,Delhi,2024-12-18
834,Justin,Brown,walterblake@example.net,001-667-255-5560x505,Mumbai,2026-02-09
835,Amanda,Carlson,donna38@example.org,+1-773-757-5333,Bangalore,2025-09-22
836,Jodi,Wood,ncain@example.net,394.977.0273,Chennai,2026-01-31
837,Peter,Rodriguez,gardnersherry@example.net,263.466.9381x324,Chennai,2024-10-13
838,Justin,Jones,ashleyjohnson@example.org,462.933.2144x2167,Chennai,2025-12-30
839,Jessica,Peters,bonnielewis@example.com,5406069287,Delhi,2026-06-30
840,Gary,Mccann,zhughes@example.org,333-569-4462x76755,Chennai,2025-05-13
841,Kimberly,Brown,christianjones@example.net,001-324-443-4206x51973,Delhi,2026-02-01
842,Ashley,Williams,nicholas41@example.org,626.459.0393x27815,Pune,2025-12-08
843,Danny,Bass,msimpson@example.com,850.722.6924x466,Pune,2025-05-14
844,Andrew,Watts,alexandrataylor@example.net,(842)863-8386x002,Chennai,2024-08-28
845,Nicole,Peterson,nwarren@example.net,993.985.6837,Bangalore,2025-06-29
846,Connie,Phillips,kristymartinez@example.net,(983)761-3865,Mumbai,2024-12-04
847,Anna,Clark,clarkmiguel@example.com,+1-639-623-2602x276,Mumbai,2024-12-25
848,Mary,Lynch,rhodges@example.org,585-317-1621,Chennai,2025-04-13
849,Alexander,Graves,wglover@example.com,+1-796-996-6950x391,Pune,2025-01-09
850,Paige,Stephens,kingcolleen@example.net,+1-532-400-2378,Hyderabad,2024-10-15
851,Reginald,Price,haydenhood@example.com,001-304-339-3358x4031,Mumbai,2026-03-21
852,Cody,Thompson,gmccarthy@example.net,841-369-3622x314,Delhi,2025-12-01
853,Gregory,Fox,ymurphy@example.org,832.751.2204x525,Bangalore,2025-12-26
854,Stacy,Thomas,reyesryan@example.com,802.781.8778,Bangalore,2026-06-29
855,Kayla,Johnson,carla33@example.net,285-201-2333x94592,Bangalore,2026-07-04
856,Michael,Rodriguez,suarezsusan@example.com,916.582.1134,Bangalore,2024-11-29
857,James,Gould,aliciabarrera@example.com,616.371.2621,Mumbai,2025-10-26
858,Brent,Glover,michael39@example.org,001-274-259-8508x42119,Mumbai,2025-04-09
859,Felicia,Acosta,jeromedaniels@example.com,(850)270-8212x508,Pune,2026-02-14
860,Bryan,Martinez,william25@example.org,(983)638-6311,Bangalore,2025-08-11
861,Tim,Landry,michael26@example.net,295.465.3279x4367,Chennai,2026-03-22
862,Julie,Rivera,sharris@example.net,(721)789-2262,Bangalore,2024-12-20
863,Allison,Snow,michaelaguirre@example.net,+1-922-758-0951x028,Pune,2026-04-13
864,Sarah,Blevins,hconrad@example.org,(391)567-5003x519,Pune,2025-08-05
865,Nicholas,Morgan,willismichael@example.net,803-885-6669,Bangalore,2025-11-01
866,Jeffrey,Ramirez,brian90@example.com,+1-243-679-3495x583,Mumbai,2025-08-08
867,Bradley,Dudley,ujenkins@example.net,001-968-565-0964,Hyderabad,2024-08-26
868,Anthony,Spencer,oreed@example.com,510-283-4471,Pune,2024-10-06
869,Robert,Whitaker,nicholsashley@example.net,(375)790-2590x03786,Pune,2025-10-23
870,Kelly,Jimenez,lucasbennett@example.org,879.796.5974x181,Hyderabad,2024-07-25
871,Tonya,Buchanan,pattersonanthony@example.net,2013111607,Chennai,2024-08-30
872,Steven,Barber,cynthiasmith@example.com,001-904-832-5467,Bangalore,2026-03-29
873,Gabriella,Jones,donna80@example.net,487.858.0402x95868,Pune,2026-05-05
874,Morgan,Friedman,theresarodriguez@example.net,477.615.6027x39815,Hyderabad,2026-04-10
875,Haley,Chen,marisagonzalez@example.net,(657)346-0883x612,Delhi,2025-01-02
876,Maria,Barnett,ashley15@example.com,(272)413-7717x9852,Chennai,2025-10-28
877,Hannah,Johnson,cbell@example.com,(441)291-0827x314,Mumbai,2025-10-10
878,Lisa,Morris,malikhayes@example.com,4959088293,Delhi,2024-10-28
879,Regina,Baker,kathryngrant@example.org,8878968045,Delhi,2026-05-20
880,Andrea,Hudson,snowbrett@example.net,+1-208-607-5456x34588,Mumbai,2025-03-02
881,Thomas,Summers,reyesfrank@example.net,+1-467-895-1096x600,Mumbai,2025-10-21
882,Daniel,Rollins,aaronlee@example.org,(571)211-2372,Pune,2025-07-29
883,Christopher,Rice,mathew84@example.net,001-932-815-8471x7039,Hyderabad,2026-06-21
884,Alex,Garcia,traci83@example.com,(456)605-9111,Mumbai,2025-06-04
885,Kimberly,Carr,thenry@example.org,587.980.4288x4994,Chennai,2025-11-23
886,James,Grant,wanda13@example.net,917.674.4017x9759,Mumbai,2026-05-04
887,Michael,Sandoval,lwilliams@example.com,507.890.2553x598,Mumbai,2025-12-05
888,Eric,Weber,lopezjessica@example.net,001-600-641-2923x5174,Hyderabad,2026-04-01
889,Briana,Sanders,berrymark@example.org,(622)658-4165,Mumbai,2026-07-06
890,John,Smith,richardleonard@example.org,001-560-331-8468x7196,Pune,2024-07-30
891,Ronald,Reeves,chloejones@example.org,231.349.1591,Bangalore,2026-07-11
892,Brittney,Byrd,cynthia20@example.com,286-982-1123x7348,Hyderabad,2026-03-07
893,Jeremy,Baker,derekmaldonado@example.org,634.827.4753,Mumbai,2025-03-31
894,Jeff,Salazar,huangjoyce@example.org,353-309-9979,Mumbai,2026-02-12
895,James,Elliott,sean91@example.net,+1-263-835-5841x948,Pune,2025-07-14
896,Christine,Whitehead,jsimpson@example.org,986.675.1432x268,Bangalore,2025-08-27
897,Daniel,Weaver,timothy42@example.org,427-440-1172x21514,Mumbai,2025-01-20
898,Jennifer,Graham,patriciajohnson@example.org,469-356-9672x65123,Bangalore,2025-02-25
899,Veronica,Hernandez,whitneycarolyn@example.org,929.707.0280,Chennai,2026-06-04
900,Randall,Miller,monicabrown@example.org,+1-219-474-9247,Chennai,2026-05-21
901,Regina,Baker,william01@example.com,3176797626,Mumbai,2025-06-28
902,Paula,Byrd,elizabethnolan@example.net,580-245-6234x7294,Pune,2024-12-26
903,Matthew,Walker,richard75@example.org,(413)746-2203,Chennai,2026-02-12
904,Rebecca,Castillo,james15@example.net,6599837819,Bangalore,2025-01-29
905,Tim,Davis,randallblackwell@example.org,857.862.4625,Mumbai,2026-04-08
906,Anne,Johnston,chelsea65@example.net,908-545-7225x504,Delhi,2026-07-08
907,Caleb,Keller,ralph06@example.org,+1-308-803-9855x916,Hyderabad,2024-12-06
908,Michael,Hicks,osteele@example.com,(930)432-8731x8265,Mumbai,2025-01-18
909,Joseph,Smith,mfrey@example.com,702.318.3836x232,Bangalore,2025-05-20
910,Sarah,Ferguson,angela03@example.net,+1-323-718-1845x325,Chennai,2026-01-02
911,Ricky,Schmidt,ccochran@example.com,367-498-4352x78158,Pune,2026-05-12
912,Lauren,Jacobs,gonzalezmarc@example.org,555-724-2923,Chennai,2026-06-27
913,Debbie,Thomas,krasmussen@example.net,+1-949-897-1960,Mumbai,2024-11-26
914,Charles,Nelson,andersonashley@example.net,+1-412-982-4039,Hyderabad,2025-02-28
915,Dale,Davis,vanessa86@example.com,+1-589-835-0007x95529,Delhi,2026-07-20
916,Janice,Martinez,efuller@example.com,+1-398-913-9424,Mumbai,2025-01-25
917,Deanna,Lewis,ywhite@example.com,287-835-7292x69003,Hyderabad,2025-07-23
918,Kevin,Stafford,robert64@example.com,(745)914-1355x05723,Hyderabad,2024-07-22
919,Kelsey,George,etaylor@example.org,794.766.0283x26640,Hyderabad,2025-03-09
920,Debra,Petty,plamb@example.net,+1-564-706-1443x140,Pune,2026-03-14
921,Katherine,Williams,jerry87@example.com,6364393695,Hyderabad,2025-02-18
922,Debbie,Mcpherson,jennifer39@example.net,665.286.3539x13718,Hyderabad,2025-12-21
923,Eric,Morrow,rrusso@example.com,(661)304-3647x2643,Delhi,2025-05-17
924,Amanda,Rogers,wobrien@example.org,642.394.3452,Bangalore,2026-06-26
925,Brian,Collins,myerszachary@example.com,4253748165,Bangalore,2025-03-04
926,Jessica,Hernandez,reyespaul@example.net,(711)943-9374x4072,Bangalore,2025-08-20
927,Eric,Carlson,padillakayla@example.org,+1-644-528-1022,Pune,2025-09-18
928,Karl,Smith,jonathanbaxter@example.org,5732213435,Mumbai,2025-09-28
929,Michael,West,leonardlevi@example.com,(315)611-0562,Hyderabad,2024-09-15
930,Nicholas,Hicks,imitchell@example.org,+1-237-540-3047x93475,Delhi,2024-10-11
931,Benjamin,Silva,xgardner@example.net,(943)978-0576x1465,Hyderabad,2024-11-07
932,Renee,Mitchell,lisaanderson@example.com,847-574-4559x303,Mumbai,2026-01-04
933,Mark,Kim,michelleclark@example.com,(295)665-0558x359,Pune,2024-09-11
934,Eileen,Lee,qmartin@example.org,+1-613-765-8430,Bangalore,2026-03-21
935,Emily,Rodriguez,rogersapril@example.net,689-234-1543,Bangalore,2025-09-26
936,Emily,Green,marshmichael@example.com,6712800296,Hyderabad,2025-04-03
937,Angela,Hoffman,brandonramirez@example.com,(545)631-6435,Mumbai,2024-11-12
938,George,Mendez,anthonyvincent@example.com,(684)287-8721,Delhi,2026-03-19
939,Jeffrey,Stokes,mmeadows@example.org,+1-406-487-8683x807,Bangalore,2025-03-11
940,Christine,Rios,bennettlauren@example.com,+1-955-967-5620x3037,Mumbai,2026-05-04
941,Lori,Rodriguez,robert81@example.org,978-220-6323x2461,Delhi,2025-10-20
942,Steven,Reed,lnorris@example.com,001-264-253-7291x27881,Delhi,2025-07-18
943,Lisa,Hoffman,deborah40@example.net,907-263-7438x579,Mumbai,2025-09-24
944,James,Pena,shawnafoster@example.net,448.684.8422,Mumbai,2026-05-22
945,Justin,Cox,gtorres@example.net,(714)622-5272x36215,Hyderabad,2024-11-12
946,Stacy,White,andrea74@example.net,+1-569-618-3363x20332,Delhi,2026-06-19
947,Mark,Paul,wayneyoung@example.net,4807211036,Chennai,2025-12-01
948,Timothy,Hamilton,jamie68@example.org,+1-953-333-6444x64480,Pune,2025-08-11
949,Kelly,Coleman,catherineparker@example.com,+1-969-699-0833,Bangalore,2025-05-22
950,Troy,James,jeffreysmith@example.com,215.523.9742x7823,Chennai,2025-04-17
951,Kristopher,Salinas,richardmartin@example.net,001-371-245-8236x60197,Bangalore,2025-07-11
952,Bill,Molina,samantha29@example.org,255.357.6414x665,Bangalore,2024-09-16
953,Christopher,Butler,daniel14@example.org,(630)640-2437x158,Chennai,2025-06-20
954,Jonathan,Davis,adamsbonnie@example.net,805.483.1449x248,Mumbai,2025-05-04
955,Robin,Castro,dball@example.org,501.559.3257x05354,Hyderabad,2025-11-07
956,Jennifer,Bernard,denise13@example.net,(528)410-8794x86711,Delhi,2026-07-02
957,Victoria,Mueller,alec77@example.net,(608)741-4686,Bangalore,2024-07-25
958,Tiffany,Mayo,jacob70@example.org,001-652-647-8255x58970,Bangalore,2025-12-27
959,Dawn,Carter,colleen85@example.net,250.724.7852x7154,Pune,2025-03-01
960,Melanie,Kennedy,millertamara@example.org,4414625903,Chennai,2024-10-01
961,Allison,Bennett,myoung@example.net,232-788-4314x735,Bangalore,2025-01-25
962,Pedro,Graham,sevans@example.org,242-660-5822,Bangalore,2025-04-30
963,Edward,Hernandez,hamiltonlisa@example.com,505-352-3137x86841,Mumbai,2025-03-12
964,Beverly,Rivera,breannalewis@example.com,392-618-1134,Chennai,2024-12-04
965,Matthew,Edwards,lisamoore@example.net,+1-489-617-5127x07669,Delhi,2025-03-06
966,Brandon,Camacho,karla93@example.com,447-444-6758x6963,Chennai,2026-06-01
967,Timothy,Scott,brandongross@example.com,487.584.2528x44033,Mumbai,2024-10-29
968,Zachary,Hernandez,billygarcia@example.com,+1-762-397-9988x9576,Delhi,2025-10-18
969,Nathaniel,Dominguez,randall49@example.com,001-465-649-2309,Bangalore,2024-11-17
970,Loretta,Reyes,cpittman@example.org,001-996-325-7134,Delhi,2024-10-27
971,Jesus,Hall,bryan40@example.net,498.369.0708x711,Hyderabad,2026-03-02
972,Natasha,Zimmerman,znguyen@example.com,746.898.4715,Delhi,2024-09-22
973,Troy,Bailey,sarah06@example.org,+1-279-738-0808x17750,Bangalore,2026-05-09
974,Deborah,Wood,timothy08@example.org,+1-927-387-0589x478,Bangalore,2026-05-19
975,Victoria,Wilson,kevin90@example.com,7545427628,Chennai,2024-11-23
976,Brandon,Gibson,dustin18@example.com,9809330704,Chennai,2026-01-31
977,Fred,Barton,pagechase@example.com,628-407-1076x33777,Delhi,2026-03-10
978,Erin,Santana,chandlerbrian@example.com,(445)996-0320,Hyderabad,2024-08-28
979,Robert,Navarro,christopherwalter@example.com,306-555-6459x52263,Hyderabad,2025-05-23
980,Tanya,Smith,hmoran@example.net,+1-730-654-8640x425,Delhi,2024-11-11
981,Jeremy,Williams,ryan43@example.net,618-268-4144,Hyderabad,2024-12-26
982,Andrea,Rocha,sara25@example.net,001-686-628-6906,Hyderabad,2025-01-07
983,Michael,Fitzgerald,barbarawheeler@example.net,001-898-605-0005x00272,Hyderabad,2025-07-16
984,Richard,Maynard,baldwingary@example.org,001-204-662-7777,Hyderabad,2026-05-22
985,Joseph,Johnston,boydryan@example.org,+1-589-651-7511x534,Mumbai,2026-01-17
986,Tammy,Walker,bchen@example.org,(628)209-2113x22165,Bangalore,2025-11-01
987,Henry,Greene,james46@example.net,(337)792-0683,Mumbai,2026-02-20
988,Kristie,Kelly,carterangela@example.com,(754)929-7920x39044,Hyderabad,2026-04-15
989,Amanda,Mcdonald,taylordavid@example.net,001-275-786-6699x09255,Mumbai,2025-10-10
990,Andrea,Carson,contrerasnicholas@example.net,001-722-789-0017x351,Pune,2026-03-16
991,Tamara,Adams,pwilson@example.com,430.649.3116x050,Bangalore,2025-02-21
992,Katherine,Turner,rherman@example.com,338-276-8948x84036,Delhi,2025-11-21
993,Alexander,Pham,kfitzpatrick@example.net,7576357221,Bangalore,2024-07-31
994,Jerry,Brennan,kenneth42@example.net,(554)795-1274x25969,Pune,2024-12-27
995,Laura,Williams,knightdorothy@example.com,270-749-9746,Bangalore,2025-06-20
996,Deanna,James,scottbell@example.com,260-615-3630x71803,Bangalore,2025-08-09
997,William,Hart,murphyamanda@example.org,+1-243-725-0117x4636,Hyderabad,2025-05-30
998,Scott,Hicks,jamesthomas@example.org,(413)403-4772x00121,Chennai,2025-07-31
999,Benjamin,Patterson,cunninghamnichole@example.org,+1-348-394-6611,Pune,2024-09-02
1000,Samuel,Russell,robert68@example.org,286.717.4046,Mumbai,2026-05-09
